"year","month","noaa.year.month","noaa.temp.anom","mcfarland.year.month","mcfarland.temp.anom","serc.year.month","serc.temp.anom"
1895,1,1895-01-01,-0.1534765625,NA,NA,NA,NA
1895,2,1895-02-01,-1.591142578125,NA,NA,NA,NA
1895,3,1895-03-01,-2.236240234375,NA,NA,NA,NA
1895,4,1895-04-01,-0.117099609375,NA,NA,NA,NA
1895,5,1895-05-01,0.73447265625,NA,NA,NA,NA
1895,6,1895-06-01,0.0129101562499994,NA,NA,NA,NA
1895,7,1895-07-01,-1.74486328125,NA,NA,NA,NA
1895,8,1895-08-01,-0.551513671875,NA,NA,NA,NA
1895,9,1895-09-01,0.47134765625,NA,NA,NA,NA
1895,10,1895-10-01,-2.616650390625,NA,NA,NA,NA
1895,11,1895-11-01,0.045166015625,NA,NA,NA,NA
1895,12,1895-12-01,0.96005859375,NA,NA,NA,NA
1896,1,1896-01-01,-2.193515625,NA,NA,NA,NA
1896,2,1896-02-01,-0.821611328125,NA,NA,NA,NA
1896,3,1896-03-01,-2.276279296875,NA,NA,NA,NA
1896,4,1896-04-01,-0.157138671875,NA,NA,NA,NA
1896,5,1896-05-01,-0.57607421875,NA,NA,NA,NA
1896,6,1896-06-01,-1.07693359375,NA,NA,NA,NA
1896,7,1896-07-01,-0.504628906250002,NA,NA,NA,NA
1896,8,1896-08-01,-1.421630859375,NA,NA,NA,NA
1896,9,1896-09-01,-1.26888671875,NA,NA,NA,NA
1896,10,1896-10-01,-1.997509765625,NA,NA,NA,NA
1896,11,1896-11-01,-0.114990234375,NA,NA,NA,NA
1896,12,1896-12-01,-2.20009765625,NA,NA,NA,NA
1897,1,1897-01-01,-0.5636328125,NA,NA,NA,NA
1897,2,1897-02-01,0.798505859375,NA,NA,NA,NA
1897,3,1897-03-01,-0.556552734375,NA,NA,NA,NA
1897,4,1897-04-01,-0.217685546875,NA,NA,NA,NA
1897,5,1897-05-01,-1.46572265625,NA,NA,NA,NA
1897,6,1897-06-01,-2.83669921875,NA,NA,NA,NA
1897,7,1897-07-01,-1.23412109375,NA,NA,NA,NA
1897,8,1897-08-01,-0.641357421875,NA,NA,NA,NA
1897,9,1897-09-01,-0.17806640625,NA,NA,NA,NA
1897,10,1897-10-01,-0.00727539062500071,NA,NA,NA,NA
1897,11,1897-11-01,-1.395263671875,NA,NA,NA,NA
1897,12,1897-12-01,-0.22939453125,NA,NA,NA,NA
1898,1,1898-01-01,-2.38296875,NA,NA,NA,NA
1898,2,1898-02-01,2.108076171875,NA,NA,NA,NA
1898,3,1898-03-01,2.084072265625,NA,NA,NA,NA
1898,4,1898-04-01,-1.257724609375,NA,NA,NA,NA
1898,5,1898-05-01,-0.42568359375,NA,NA,NA,NA
1898,6,1898-06-01,-0.676542968750001,NA,NA,NA,NA
1898,7,1898-07-01,-0.424550781250002,NA,NA,NA,NA
1898,8,1898-08-01,0.608642578125,NA,NA,NA,NA
1898,9,1898-09-01,0.87173828125,NA,NA,NA,NA
1898,10,1898-10-01,-0.606884765625001,NA,NA,NA,NA
1898,11,1898-11-01,0.144775390625,NA,NA,NA,NA
1898,12,1898-12-01,-1.12001953125,NA,NA,NA,NA
1899,1,1899-01-01,-0.443515625,NA,NA,NA,NA
1899,2,1899-02-01,-1.541337890625,NA,NA,NA,NA
1899,3,1899-03-01,-2.236240234375,NA,NA,NA,NA
1899,4,1899-04-01,0.262783203125,NA,NA,NA,NA
1899,5,1899-05-01,-1.13564453125,NA,NA,NA,NA
1899,6,1899-06-01,0.373261718749999,NA,NA,NA,NA
1899,7,1899-07-01,-0.914785156250002,NA,NA,NA,NA
1899,8,1899-08-01,-1.621826171875,NA,NA,NA,NA
1899,9,1899-09-01,-1.34896484375,NA,NA,NA,NA
1899,10,1899-10-01,-0.257275390625001,NA,NA,NA,NA
1899,11,1899-11-01,-1.454833984375,NA,NA,NA,NA
1899,12,1899-12-01,1.44052734375,NA,NA,NA,NA
1900,1,1900-01-01,0.36703125,NA,NA,NA,NA
1900,2,1900-02-01,-0.271806640625,NA,NA,NA,NA
1900,3,1900-03-01,-1.846591796875,NA,NA,NA,NA
1900,4,1900-04-01,0.952236328125,NA,NA,NA,NA
1900,5,1900-05-01,-2.46572265625,NA,NA,NA,NA
1900,6,1900-06-01,0.403535156249999,NA,NA,NA,NA
1900,7,1900-07-01,-0.0349023437500016,NA,NA,NA,NA
1900,8,1900-08-01,0.608642578125,NA,NA,NA,NA
1900,9,1900-09-01,0.72134765625,NA,NA,NA,NA
1900,10,1900-10-01,1.603076171875,NA,NA,NA,NA
1900,11,1900-11-01,0.085205078125,NA,NA,NA,NA
1900,12,1900-12-01,-1.55947265625,NA,NA,NA,NA
1901,1,1901-01-01,-1.8136328125,NA,NA,NA,NA
1901,2,1901-02-01,-3.031572265625,NA,NA,NA,NA
1901,3,1901-03-01,-1.176669921875,NA,NA,NA,NA
1901,4,1901-04-01,0.272548828125,NA,NA,NA,NA
1901,5,1901-05-01,-1.05556640625,NA,NA,NA,NA
1901,6,1901-06-01,-0.516386718750001,NA,NA,NA,NA
1901,7,1901-07-01,-0.114003906250002,NA,NA,NA,NA
1901,8,1901-08-01,-0.441162109375,NA,NA,NA,NA
1901,9,1901-09-01,0.66177734375,NA,NA,NA,NA
1901,10,1901-10-01,-0.557080078125001,NA,NA,NA,NA
1901,11,1901-11-01,-3.185302734375,NA,NA,NA,NA
1901,12,1901-12-01,0.33994140625,NA,NA,NA,NA
1902,1,1902-01-01,-0.623203125,NA,NA,NA,NA
1902,2,1902-02-01,0.978193359375,NA,NA,NA,NA
1902,3,1902-03-01,3.143642578125,NA,NA,NA,NA
1902,4,1902-04-01,0.692470703125,NA,NA,NA,NA
1902,5,1902-05-01,-0.99599609375,NA,NA,NA,NA
1902,6,1902-06-01,-2.02712890625,NA,NA,NA,NA
1902,7,1902-07-01,-1.37474609375,NA,NA,NA,NA
1902,8,1902-08-01,-1.381591796875,NA,NA,NA,NA
1902,9,1902-09-01,0.0514257812499999,NA,NA,NA,NA
1902,10,1902-10-01,-0.747509765625001,NA,NA,NA,NA
1902,11,1902-11-01,0.705322265625,NA,NA,NA,NA
1902,12,1902-12-01,-2.63955078125,NA,NA,NA,NA
1903,1,1903-01-01,-0.3233984375,NA,NA,NA,NA
1903,2,1903-02-01,0.908857421875,NA,NA,NA,NA
1903,3,1903-03-01,2.903408203125,NA,NA,NA,NA
1903,4,1903-04-01,-0.0878027343749999,NA,NA,NA,NA
1903,5,1903-05-01,-0.23525390625,NA,NA,NA,NA
1903,6,1903-06-01,-2.85623046875,NA,NA,NA,NA
1903,7,1903-07-01,-1.92455078125,NA,NA,NA,NA
1903,8,1903-08-01,-3.041748046875,NA,NA,NA,NA
1903,9,1903-09-01,0.45181640625,NA,NA,NA,NA
1903,10,1903-10-01,-0.747509765625001,NA,NA,NA,NA
1903,11,1903-11-01,-1.885498046875,NA,NA,NA,NA
1903,12,1903-12-01,-2.53017578125,NA,NA,NA,NA
1904,1,1904-01-01,-4.0733984375,NA,NA,NA,NA
1904,2,1904-02-01,-4.521806640625,NA,NA,NA,NA
1904,3,1904-03-01,-1.646396484375,NA,NA,NA,NA
1904,4,1904-04-01,-1.578037109375,NA,NA,NA,NA
1904,5,1904-05-01,0.99423828125,NA,NA,NA,NA
1904,6,1904-06-01,-1.39626953125,NA,NA,NA,NA
1904,7,1904-07-01,-0.534902343750002,NA,NA,NA,NA
1904,8,1904-08-01,-1.601318359375,NA,NA,NA,NA
1904,9,1904-09-01,-2.26888671875,NA,NA,NA,NA
1904,10,1904-10-01,-1.517041015625,NA,NA,NA,NA
1904,11,1904-11-01,-3.055419921875,NA,NA,NA,NA
1904,12,1904-12-01,-5.37001953125,NA,NA,NA,NA
1905,1,1905-01-01,-3.38296875,NA,NA,NA,NA
1905,2,1905-02-01,-3.161455078125,NA,NA,NA,NA
1905,3,1905-03-01,-1.386630859375,NA,NA,NA,NA
1905,4,1905-04-01,-0.328037109375,NA,NA,NA,NA
1905,5,1905-05-01,-1.21572265625,NA,NA,NA,NA
1905,6,1905-06-01,-2.71658203125,NA,NA,NA,NA
1905,7,1905-07-01,-1.09447265625,NA,NA,NA,NA
1905,8,1905-08-01,-2.061279296875,NA,NA,NA,NA
1905,9,1905-09-01,-1.45833984375,NA,NA,NA,NA
1905,10,1905-10-01,-1.236767578125,NA,NA,NA,NA
1905,11,1905-11-01,-1.164794921875,NA,NA,NA,NA
1905,12,1905-12-01,0.71005859375,NA,NA,NA,NA
1906,1,1906-01-01,3.396328125,NA,NA,NA,NA
1906,2,1906-02-01,0.168623046875,NA,NA,NA,NA
1906,3,1906-03-01,-2.896396484375,NA,NA,NA,NA
1906,4,1906-04-01,-1.497958984375,NA,NA,NA,NA
1906,5,1906-05-01,-1.68544921875,NA,NA,NA,NA
1906,6,1906-06-01,-1.13650390625,NA,NA,NA,NA
1906,7,1906-07-01,-1.12474609375,NA,NA,NA,NA
1906,8,1906-08-01,0.638916015625,NA,NA,NA,NA
1906,9,1906-09-01,0.0719335937499999,NA,NA,NA,NA
1906,10,1906-10-01,-0.807080078125001,NA,NA,NA,NA
1906,11,1906-11-01,-1.214599609375,NA,NA,NA,NA
1906,12,1906-12-01,-2.84951171875,NA,NA,NA,NA
1907,1,1907-01-01,-2.353671875,NA,NA,NA,NA
1907,2,1907-02-01,-4.121416015625,NA,NA,NA,NA
1907,3,1907-03-01,-1.656162109375,NA,NA,NA,NA
1907,4,1907-04-01,-1.867099609375,NA,NA,NA,NA
1907,5,1907-05-01,-3.33583984375,NA,NA,NA,NA
1907,6,1907-06-01,-2.14626953125,NA,NA,NA,NA
1907,7,1907-07-01,-1.99486328125,NA,NA,NA,NA
1907,8,1907-08-01,-1.741943359375,NA,NA,NA,NA
1907,9,1907-09-01,-0.44857421875,NA,NA,NA,NA
1907,10,1907-10-01,-2.667431640625,NA,NA,NA,NA
1907,11,1907-11-01,-0.485107421875,NA,NA,NA,NA
1907,12,1907-12-01,1.92001953125,NA,NA,NA,NA
1908,1,1908-01-01,0.966640625,NA,NA,NA,NA
1908,2,1908-02-01,-1.611650390625,NA,NA,NA,NA
1908,3,1908-03-01,-0.746005859375,NA,NA,NA,NA
1908,4,1908-04-01,-1.527255859375,NA,NA,NA,NA
1908,5,1908-05-01,-0.63564453125,NA,NA,NA,NA
1908,6,1908-06-01,0.273652343749999,NA,NA,NA,NA
1908,7,1908-07-01,-0.114003906250002,NA,NA,NA,NA
1908,8,1908-08-01,-1.681396484375,NA,NA,NA,NA
1908,9,1908-09-01,1.01138671875,NA,NA,NA,NA
1908,10,1908-10-01,0.843310546874999,NA,NA,NA,NA
1908,11,1908-11-01,-0.475341796875,NA,NA,NA,NA
1908,12,1908-12-01,-0.78994140625,NA,NA,NA,NA
1909,1,1909-01-01,0.31625,NA,NA,NA,NA
1909,2,1909-02-01,-0.121416015625,NA,NA,NA,NA
1909,3,1909-03-01,-0.556552734375,NA,NA,NA,NA
1909,4,1909-04-01,-1.407138671875,NA,NA,NA,NA
1909,5,1909-05-01,-1.46572265625,NA,NA,NA,NA
1909,6,1909-06-01,-0.0368945312500006,NA,NA,NA,NA
1909,7,1909-07-01,-1.31419921875,NA,NA,NA,NA
1909,8,1909-08-01,-0.751708984375,NA,NA,NA,NA
1909,9,1909-09-01,-0.33822265625,NA,NA,NA,NA
1909,10,1909-10-01,0.442919921874999,NA,NA,NA,NA
1909,11,1909-11-01,1.344970703125,NA,NA,NA,NA
1909,12,1909-12-01,-0.46962890625,NA,NA,NA,NA
1910,1,1910-01-01,2.716640625,NA,NA,NA,NA
1910,2,1910-02-01,-0.141923828125,NA,NA,NA,NA
1910,3,1910-03-01,2.363369140625,NA,NA,NA,NA
1910,4,1910-04-01,1.522548828125,NA,NA,NA,NA
1910,5,1910-05-01,-1.36513671875,NA,NA,NA,NA
1910,6,1910-06-01,-1.54666015625,NA,NA,NA,NA
1910,7,1910-07-01,0.185800781249998,NA,NA,NA,NA
1910,8,1910-08-01,-1.201904296875,NA,NA,NA,NA
1910,9,1910-09-01,-1.14876953125,NA,NA,NA,NA
1910,10,1910-10-01,-0.156689453125001,NA,NA,NA,NA
1910,11,1910-11-01,-0.765380859375,NA,NA,NA,NA
1910,12,1910-12-01,-2.66005859375,NA,NA,NA,NA
1911,1,1911-01-01,0.47640625,NA,NA,NA,NA
1911,2,1911-02-01,-3.581376953125,NA,NA,NA,NA
1911,3,1911-03-01,-2.316318359375,NA,NA,NA,NA
1911,4,1911-04-01,-1.117099609375,NA,NA,NA,NA
1911,5,1911-05-01,1.35458984375,NA,NA,NA,NA
1911,6,1911-06-01,-0.786894531250001,NA,NA,NA,NA
1911,7,1911-07-01,0.845957031249998,NA,NA,NA,NA
1911,8,1911-08-01,-0.751708984375,NA,NA,NA,NA
1911,9,1911-09-01,-1.69857421875,NA,NA,NA,NA
1911,10,1911-10-01,-0.717236328125001,NA,NA,NA,NA
1911,11,1911-11-01,-1.055419921875,NA,NA,NA,NA
1911,12,1911-12-01,2.71982421875,NA,NA,NA,NA
1912,1,1912-01-01,-4.20328125,NA,NA,NA,NA
1912,2,1912-02-01,-1.591142578125,NA,NA,NA,NA
1912,3,1912-03-01,-1.476474609375,NA,NA,NA,NA
1912,4,1912-04-01,-1.457919921875,NA,NA,NA,NA
1912,5,1912-05-01,-0.37587890625,NA,NA,NA,NA
1912,6,1912-06-01,-1.22634765625,NA,NA,NA,NA
1912,7,1912-07-01,-0.744863281250002,NA,NA,NA,NA
1912,8,1912-08-01,-2.741943359375,NA,NA,NA,NA
1912,9,1912-09-01,-1.75814453125,NA,NA,NA,NA
1912,10,1912-10-01,0.112841796874999,NA,NA,NA,NA
1912,11,1912-11-01,-0.294677734375,NA,NA,NA,NA
1912,12,1912-12-01,1.00009765625,NA,NA,NA,NA
1913,1,1913-01-01,4.3367578125,NA,NA,NA,NA
1913,2,1913-02-01,-2.191728515625,NA,NA,NA,NA
1913,3,1913-03-01,1.454189453125,NA,NA,NA,NA
1913,4,1913-04-01,-0.0780371093749999,NA,NA,NA,NA
1913,5,1913-05-01,-3.11513671875,NA,NA,NA,NA
1913,6,1913-06-01,-1.32693359375,NA,NA,NA,NA
1913,7,1913-07-01,0.145761718749998,NA,NA,NA,NA
1913,8,1913-08-01,-1.351318359375,NA,NA,NA,NA
1913,9,1913-09-01,-1.78841796875,NA,NA,NA,NA
1913,10,1913-10-01,2.902880859375,NA,NA,NA,NA
1913,11,1913-11-01,0.635009765625,NA,NA,NA,NA
1913,12,1913-12-01,1.29990234375,NA,NA,NA,NA
1914,1,1914-01-01,-2.3429296875,NA,NA,NA,NA
1914,2,1914-02-01,-4.571611328125,NA,NA,NA,NA
1914,3,1914-03-01,-1.346591796875,NA,NA,NA,NA
1914,4,1914-04-01,-2.137607421875,NA,NA,NA,NA
1914,5,1914-05-01,1.18466796875,NA,NA,NA,NA
1914,6,1914-06-01,-1.12673828125,NA,NA,NA,NA
1914,7,1914-07-01,-1.55443359375,NA,NA,NA,NA
1914,8,1914-08-01,-0.651123046875,NA,NA,NA,NA
1914,9,1914-09-01,0.82193359375,NA,NA,NA,NA
1914,10,1914-10-01,1.272998046875,NA,NA,NA,NA
1914,11,1914-11-01,-3.174560546875,NA,NA,NA,NA
1914,12,1914-12-01,-2.29970703125,NA,NA,NA,NA
1915,1,1915-01-01,1.2566796875,NA,NA,NA,NA
1915,2,1915-02-01,2.468427734375,NA,NA,NA,NA
1915,3,1915-03-01,-1.085849609375,NA,NA,NA,NA
1915,4,1915-04-01,1.342861328125,NA,NA,NA,NA
1915,5,1915-05-01,-0.66591796875,NA,NA,NA,NA
1915,6,1915-06-01,-0.336699218750001,NA,NA,NA,NA
1915,7,1915-07-01,-0.984121093750002,NA,NA,NA,NA
1915,8,1915-08-01,-0.551513671875,NA,NA,NA,NA
1915,9,1915-09-01,1.52115234375,NA,NA,NA,NA
1915,10,1915-10-01,0.502490234374999,NA,NA,NA,NA
1915,11,1915-11-01,-0.025146484375,NA,NA,NA,NA
1915,12,1915-12-01,1.12021484375,NA,NA,NA,NA
1916,1,1916-01-01,1.236171875,NA,NA,NA,NA
1916,2,1916-02-01,-2.251298828125,NA,NA,NA,NA
1916,3,1916-03-01,-4.526279296875,NA,NA,NA,NA
1916,4,1916-04-01,-0.707919921875,NA,NA,NA,NA
1916,5,1916-05-01,-1.00576171875,NA,NA,NA,NA
1916,6,1916-06-01,-0.966582031250001,NA,NA,NA,NA
1916,7,1916-07-01,0.165292968749998,NA,NA,NA,NA
1916,8,1916-08-01,0.818603515625,NA,NA,NA,NA
1916,9,1916-09-01,0.44107421875,NA,NA,NA,NA
1916,10,1916-10-01,0.603076171874999,NA,NA,NA,NA
1916,11,1916-11-01,-2.334716796875,NA,NA,NA,NA
1916,12,1916-12-01,0.0899414062499999,NA,NA,NA,NA
1917,1,1917-01-01,0.0262109375000001,NA,NA,NA,NA
1917,2,1917-02-01,-2.391923828125,NA,NA,NA,NA
1917,3,1917-03-01,-0.335849609375,NA,NA,NA,NA
1917,4,1917-04-01,-0.877841796875,NA,NA,NA,NA
1917,5,1917-05-01,-3.59560546875,NA,NA,NA,NA
1917,6,1917-06-01,-2.02712890625,NA,NA,NA,NA
1917,7,1917-07-01,-0.214589843750002,NA,NA,NA,NA
1917,8,1917-08-01,-0.481201171875,NA,NA,NA,NA
1917,9,1917-09-01,-1.54818359375,NA,NA,NA,NA
1917,10,1917-10-01,-1.267041015625,NA,NA,NA,NA
1917,11,1917-11-01,-2.895263671875,NA,NA,NA,NA
1917,12,1917-12-01,-4.55947265625,NA,NA,NA,NA
1918,1,1918-01-01,-4.213046875,NA,NA,NA,NA
1918,2,1918-02-01,-1.741533203125,NA,NA,NA,NA
1918,3,1918-03-01,-1.226474609375,NA,NA,NA,NA
1918,4,1918-04-01,-0.0477636718749999,NA,NA,NA,NA
1918,5,1918-05-01,2.21396484375,NA,NA,NA,NA
1918,6,1918-06-01,-1.98708984375,NA,NA,NA,NA
1918,7,1918-07-01,-1.24486328125,NA,NA,NA,NA
1918,8,1918-08-01,-0.891357421875,NA,NA,NA,NA
1918,9,1918-09-01,-1.37826171875,NA,NA,NA,NA
1918,10,1918-10-01,0.252490234374999,NA,NA,NA,NA
1918,11,1918-11-01,0.064697265625,NA,NA,NA,NA
1918,12,1918-12-01,0.89072265625,NA,NA,NA,NA
1919,1,1919-01-01,2.236171875,NA,NA,NA,NA
1919,2,1919-02-01,1.768232421875,NA,NA,NA,NA
1919,3,1919-03-01,1.664150390625,NA,NA,NA,NA
1919,4,1919-04-01,-0.387607421875,NA,NA,NA,NA
1919,5,1919-05-01,0.27451171875,NA,NA,NA,NA
1919,6,1919-06-01,0.243378906249999,NA,NA,NA,NA
1919,7,1919-07-01,-0.374746093750002,NA,NA,NA,NA
1919,8,1919-08-01,-2.721435546875,NA,NA,NA,NA
1919,9,1919-09-01,-0.84896484375,NA,NA,NA,NA
1919,10,1919-10-01,-1.887158203125,NA,NA,NA,NA
1919,11,1919-11-01,-0.185302734375,NA,NA,NA,NA
1919,12,1919-12-01,-3.29970703125,NA,NA,NA,NA
1920,1,1920-01-01,-5.6534765625,NA,NA,NA,NA
1920,2,1920-02-01,-1.871416015625,NA,NA,NA,NA
1920,3,1920-03-01,-0.246005859375,NA,NA,NA,NA
1920,4,1920-04-01,-1.287998046875,NA,NA,NA,NA
1920,5,1920-05-01,-1.07607421875,NA,NA,NA,NA
1920,6,1920-06-01,-0.306425781250001,NA,NA,NA,NA
1920,7,1920-07-01,0.0559179687499984,NA,NA,NA,NA
1920,8,1920-08-01,1.348876953125,NA,NA,NA,NA
1920,9,1920-09-01,0.33169921875,NA,NA,NA,NA
1920,10,1920-10-01,2.522998046875,NA,NA,NA,NA
1920,11,1920-11-01,-2.174560546875,NA,NA,NA,NA
1920,12,1920-12-01,0.95029296875,NA,NA,NA,NA
1921,1,1921-01-01,1.1570703125,NA,NA,NA,NA
1921,2,1921-02-01,0.728193359375,NA,NA,NA,NA
1921,3,1921-03-01,2.983486328125,NA,NA,NA,NA
1921,4,1921-04-01,2.182705078125,NA,NA,NA,NA
1921,5,1921-05-01,0.93466796875,NA,NA,NA,NA
1921,6,1921-06-01,0.213105468749999,NA,NA,NA,NA
1921,7,1921-07-01,1.95533203125,NA,NA,NA,NA
1921,8,1921-08-01,-0.801513671875,NA,NA,NA,NA
1921,9,1921-09-01,1.58169921875,NA,NA,NA,NA
1921,10,1921-10-01,0.393115234374999,NA,NA,NA,NA
1921,11,1921-11-01,-3.155029296875,NA,NA,NA,NA
1921,12,1921-12-01,-1.29970703125,NA,NA,NA,NA
1922,1,1922-01-01,-2.3331640625,NA,NA,NA,NA
1922,2,1922-02-01,-0.831376953125,NA,NA,NA,NA
1922,3,1922-03-01,1.133876953125,NA,NA,NA,NA
1922,4,1922-04-01,0.442470703125,NA,NA,NA,NA
1922,5,1922-05-01,0.83408203125,NA,NA,NA,NA
1922,6,1922-06-01,0.953339843749999,NA,NA,NA,NA
1922,7,1922-07-01,-0.444082031250002,NA,NA,NA,NA
1922,8,1922-08-01,0.048095703125,NA,NA,NA,NA
1922,9,1922-09-01,0.0914648437499999,NA,NA,NA,NA
1922,10,1922-10-01,-0.507275390625001,NA,NA,NA,NA
1922,11,1922-11-01,-0.864990234375,NA,NA,NA,NA
1922,12,1922-12-01,-3.47939453125,NA,NA,NA,NA
1923,1,1923-01-01,-3.1534765625,NA,NA,NA,NA
1923,2,1923-02-01,-5.341142578125,NA,NA,NA,NA
1923,3,1923-03-01,-5.005771484375,NA,NA,NA,NA
1923,4,1923-04-01,-2.087802734375,NA,NA,NA,NA
1923,5,1923-05-01,-0.61513671875,NA,NA,NA,NA
1923,6,1923-06-01,0.222871093749999,NA,NA,NA,NA
1923,7,1923-07-01,-1.42455078125,NA,NA,NA,NA
1923,8,1923-08-01,-2.091552734375,NA,NA,NA,NA
1923,9,1923-09-01,-0.00814453125000014,NA,NA,NA,NA
1923,10,1923-10-01,0.292529296874999,NA,NA,NA,NA
1923,11,1923-11-01,0.404541015625,NA,NA,NA,NA
1923,12,1923-12-01,3.83017578125,NA,NA,NA,NA
1924,1,1924-01-01,0.456875,NA,NA,NA,NA
1924,2,1924-02-01,-2.951494140625,NA,NA,NA,NA
1924,3,1924-03-01,0.983486328125,NA,NA,NA,NA
1924,4,1924-04-01,-1.147373046875,NA,NA,NA,NA
1924,5,1924-05-01,-1.04580078125,NA,NA,NA,NA
1924,6,1924-06-01,-0.886503906250001,NA,NA,NA,NA
1924,7,1924-07-01,0.415292968749998,NA,NA,NA,NA
1924,8,1924-08-01,-0.211669921875,NA,NA,NA,NA
1924,9,1924-09-01,-0.48861328125,NA,NA,NA,NA
1924,10,1924-10-01,0.553271484374999,NA,NA,NA,NA
1924,11,1924-11-01,-0.275146484375,NA,NA,NA,NA
1924,12,1924-12-01,-3.16005859375,NA,NA,NA,NA
1925,1,1925-01-01,-4.38296875,NA,NA,NA,NA
1925,2,1925-02-01,3.648115234375,NA,NA,NA,NA
1925,3,1925-03-01,1.284267578125,NA,NA,NA,NA
1925,4,1925-04-01,0.512783203125,NA,NA,NA,NA
1925,5,1925-05-01,-1.30556640625,NA,NA,NA,NA
1925,6,1925-06-01,0.432832031249999,NA,NA,NA,NA
1925,7,1925-07-01,-0.634511718750002,NA,NA,NA,NA
1925,8,1925-08-01,0.148681640625,NA,NA,NA,NA
1925,9,1925-09-01,-1.02865234375,NA,NA,NA,NA
1925,10,1925-10-01,-4.106884765625,NA,NA,NA,NA
1925,11,1925-11-01,-0.824951171875,NA,NA,NA,NA
1925,12,1925-12-01,-1.21962890625,NA,NA,NA,NA
1926,1,1926-01-01,-1.263828125,NA,NA,NA,NA
1926,2,1926-02-01,-1.801103515625,NA,NA,NA,NA
1926,3,1926-03-01,-4.356357421875,NA,NA,NA,NA
1926,4,1926-04-01,-3.367099609375,NA,NA,NA,NA
1926,5,1926-05-01,-1.60537109375,NA,NA,NA,NA
1926,6,1926-06-01,-1.03689453125,NA,NA,NA,NA
1926,7,1926-07-01,-0.744863281250002,NA,NA,NA,NA
1926,8,1926-08-01,-0.811279296875,NA,NA,NA,NA
1926,9,1926-09-01,-0.42806640625,NA,NA,NA,NA
1926,10,1926-10-01,-0.757275390625001,NA,NA,NA,NA
1926,11,1926-11-01,0.455322265625,NA,NA,NA,NA
1926,12,1926-12-01,-1.95009765625,NA,NA,NA,NA
1927,1,1927-01-01,1.697109375,NA,NA,NA,NA
1927,2,1927-02-01,-0.431962890625,NA,NA,NA,NA
1927,3,1927-03-01,1.284267578125,NA,NA,NA,NA
1927,4,1927-04-01,0.682705078125,NA,NA,NA,NA
1927,5,1927-05-01,-2.02529296875,NA,NA,NA,NA
1927,6,1927-06-01,-1.48708984375,NA,NA,NA,NA
1927,7,1927-07-01,-0.704824218750002,NA,NA,NA,NA
1927,8,1927-08-01,-2.041748046875,NA,NA,NA,NA
1927,9,1927-09-01,0.19107421875,NA,NA,NA,NA
1927,10,1927-10-01,1.343310546875,NA,NA,NA,NA
1927,11,1927-11-01,1.925048828125,NA,NA,NA,NA
1927,12,1927-12-01,1.12998046875,NA,NA,NA,NA
1928,1,1928-01-01,0.1863671875,NA,NA,NA,NA
1928,2,1928-02-01,-0.731767578125,NA,NA,NA,NA
1928,3,1928-03-01,-1.356357421875,NA,NA,NA,NA
1928,4,1928-04-01,-1.207919921875,NA,NA,NA,NA
1928,5,1928-05-01,-1.31533203125,NA,NA,NA,NA
1928,6,1928-06-01,-1.61697265625,NA,NA,NA,NA
1928,7,1928-07-01,-0.0241601562500016,NA,NA,NA,NA
1928,8,1928-08-01,-0.031982421875,NA,NA,NA,NA
1928,9,1928-09-01,-1.62826171875,NA,NA,NA,NA
1928,10,1928-10-01,-0.587353515625001,NA,NA,NA,NA
1928,11,1928-11-01,-0.595458984375,NA,NA,NA,NA
1928,12,1928-12-01,2.58017578125,NA,NA,NA,NA
1929,1,1929-01-01,0.3269921875,NA,NA,NA,NA
1929,2,1929-02-01,-0.131181640625,NA,NA,NA,NA
1929,3,1929-03-01,0.813564453125,NA,NA,NA,NA
1929,4,1929-04-01,-0.677646484375,NA,NA,NA,NA
1929,5,1929-05-01,0.38486328125,NA,NA,NA,NA
1929,6,1929-06-01,-0.157011718750001,NA,NA,NA,NA
1929,7,1929-07-01,-0.674550781250002,NA,NA,NA,NA
1929,8,1929-08-01,-1.681396484375,NA,NA,NA,NA
1929,9,1929-09-01,0.15103515625,NA,NA,NA,NA
1929,10,1929-10-01,-0.727001953125001,NA,NA,NA,NA
1929,11,1929-11-01,-0.784912109375,NA,NA,NA,NA
1929,12,1929-12-01,-1.70986328125,NA,NA,NA,NA
1930,1,1930-01-01,0.5965234375,NA,NA,NA,NA
1930,2,1930-02-01,-0.0911425781249999,NA,NA,NA,NA
1930,3,1930-03-01,-0.106357421875,NA,NA,NA,NA
1930,4,1930-04-01,-0.777255859375,NA,NA,NA,NA
1930,5,1930-05-01,0.32431640625,NA,NA,NA,NA
1930,6,1930-06-01,2.71310546875,NA,NA,NA,NA
1930,7,1930-07-01,0.105722656249998,NA,NA,NA,NA
1930,8,1930-08-01,-0.321044921875,NA,NA,NA,NA
1930,9,1930-09-01,2.31119140625,NA,NA,NA,NA
1930,10,1930-10-01,0.433154296874999,NA,NA,NA,NA
1930,11,1930-11-01,0.844970703125,NA,NA,NA,NA
1930,12,1930-12-01,0.37998046875,NA,NA,NA,NA
1931,1,1931-01-01,-0.0235937499999999,NA,NA,NA,NA
1931,2,1931-02-01,1.428388671875,NA,NA,NA,NA
1931,3,1931-03-01,1.053798828125,NA,NA,NA,NA
1931,4,1931-04-01,0.942470703125,NA,NA,NA,NA
1931,5,1931-05-01,0.27451171875,NA,NA,NA,NA
1931,6,1931-06-01,0.722871093749999,NA,NA,NA,NA
1931,7,1931-07-01,0.0256445312499984,NA,NA,NA,NA
1931,8,1931-08-01,0.108642578125,NA,NA,NA,NA
1931,9,1931-09-01,0.73111328125,NA,NA,NA,NA
1931,10,1931-10-01,1.372607421875,NA,NA,NA,NA
1931,11,1931-11-01,3.335205078125,NA,NA,NA,NA
1931,12,1931-12-01,1.50986328125,NA,NA,NA,NA
1932,1,1932-01-01,4.5965234375,NA,NA,NA,NA
1932,2,1932-02-01,-0.701494140625,NA,NA,NA,NA
1932,3,1932-03-01,-1.196201171875,NA,NA,NA,NA
1932,4,1932-04-01,-0.237216796875,NA,NA,NA,NA
1932,5,1932-05-01,0.0245117187500004,NA,NA,NA,NA
1932,6,1932-06-01,0.0529492187499994,NA,NA,NA,NA
1932,7,1932-07-01,-1.32494140625,NA,NA,NA,NA
1932,8,1932-08-01,1.338134765625,NA,NA,NA,NA
1932,9,1932-09-01,0.79166015625,NA,NA,NA,NA
1932,10,1932-10-01,0.843310546874999,NA,NA,NA,NA
1932,11,1932-11-01,-0.754638671875,NA,NA,NA,NA
1932,12,1932-12-01,1.67978515625,NA,NA,NA,NA
1933,1,1933-01-01,3.54671875,NA,NA,NA,NA
1933,2,1933-02-01,3.328779296875,NA,NA,NA,NA
1933,3,1933-03-01,-0.486240234375,NA,NA,NA,NA
1933,4,1933-04-01,0.00204101562500014,NA,NA,NA,NA
1933,5,1933-05-01,0.33408203125,NA,NA,NA,NA
1933,6,1933-06-01,0.413300781249999,NA,NA,NA,NA
1933,7,1933-07-01,-0.994863281250002,NA,NA,NA,NA
1933,8,1933-08-01,0.008056640625,NA,NA,NA,NA
1933,9,1933-09-01,0.55142578125,NA,NA,NA,NA
1933,10,1933-10-01,-0.186962890625001,NA,NA,NA,NA
1933,11,1933-11-01,-3.784912109375,NA,NA,NA,NA
1933,12,1933-12-01,-5.41982421875,NA,NA,NA,NA
1934,1,1934-01-01,-1.6534765625,NA,NA,NA,NA
1934,2,1934-02-01,-5.421220703125,NA,NA,NA,NA
1934,3,1934-03-01,-0.465732421875,NA,NA,NA,NA
1934,4,1934-04-01,1.302822265625,NA,NA,NA,NA
1934,5,1934-05-01,1.37412109375,NA,NA,NA,NA
1934,6,1934-06-01,-0.556425781250001,NA,NA,NA,NA
1934,7,1934-07-01,0.115488281249998,NA,NA,NA,NA
1934,8,1934-08-01,-1.191162109375,NA,NA,NA,NA
1934,9,1934-09-01,1.93130859375,NA,NA,NA,NA
1934,10,1934-10-01,-1.747509765625,NA,NA,NA,NA
1934,11,1934-11-01,1.135009765625,NA,NA,NA,NA
1934,12,1934-12-01,-2.63955078125,NA,NA,NA,NA
1935,1,1935-01-01,-2.8331640625,NA,NA,NA,NA
1935,2,1935-02-01,-0.301103515625,NA,NA,NA,NA
1935,3,1935-03-01,-1.326083984375,NA,NA,NA,NA
1935,4,1935-04-01,-1.277255859375,NA,NA,NA,NA
1935,5,1935-05-01,-0.22548828125,NA,NA,NA,NA
1935,6,1935-06-01,0.333222656249999,NA,NA,NA,NA
1935,7,1935-07-01,1.58521484375,NA,NA,NA,NA
1935,8,1935-08-01,1.328369140625,NA,NA,NA,NA
1935,9,1935-09-01,-0.21810546875,NA,NA,NA,NA
1935,10,1935-10-01,-0.167431640625001,NA,NA,NA,NA
1935,11,1935-11-01,0.995361328125,NA,NA,NA,NA
1935,12,1935-12-01,-3.82021484375,NA,NA,NA,NA
1936,1,1936-01-01,-0.6437109375,NA,NA,NA,NA
1936,2,1936-02-01,-2.491533203125,NA,NA,NA,NA
1936,3,1936-03-01,3.124111328125,NA,NA,NA,NA
1936,4,1936-04-01,-1.887607421875,NA,NA,NA,NA
1936,5,1936-05-01,-0.0458007812499996,NA,NA,NA,NA
1936,6,1936-06-01,0.0929882812499994,NA,NA,NA,NA
1936,7,1936-07-01,-1.48412109375,NA,NA,NA,NA
1936,8,1936-08-01,-0.391357421875,NA,NA,NA,NA
1936,9,1936-09-01,-0.89876953125,NA,NA,NA,NA
1936,10,1936-10-01,-0.646923828125001,NA,NA,NA,NA
1936,11,1936-11-01,-3.214599609375,NA,NA,NA,NA
1936,12,1936-12-01,0.45029296875,NA,NA,NA,NA
1937,1,1937-01-01,3.536953125,NA,NA,NA,NA
1937,2,1937-02-01,2.678388671875,NA,NA,NA,NA
1937,3,1937-03-01,-2.156162109375,NA,NA,NA,NA
1937,4,1937-04-01,0.302822265625,NA,NA,NA,NA
1937,5,1937-05-01,1.54404296875,NA,NA,NA,NA
1937,6,1937-06-01,0.893769531249999,NA,NA,NA,NA
1937,7,1937-07-01,1.30591796875,NA,NA,NA,NA
1937,8,1937-08-01,3.058837890625,NA,NA,NA,NA
1937,9,1937-09-01,0.97134765625,NA,NA,NA,NA
1937,10,1937-10-01,-0.316845703125001,NA,NA,NA,NA
1937,11,1937-11-01,0.415283203125,NA,NA,NA,NA
1937,12,1937-12-01,0.29013671875,NA,NA,NA,NA
1938,1,1938-01-01,-0.0733984374999999,NA,NA,NA,NA
1938,2,1938-02-01,0.428388671875,NA,NA,NA,NA
1938,3,1938-03-01,-0.976474609375,NA,NA,NA,NA
1938,4,1938-04-01,1.552822265625,NA,NA,NA,NA
1938,5,1938-05-01,-1.17568359375,NA,NA,NA,NA
1938,6,1938-06-01,1.73361328125,NA,NA,NA,NA
1938,7,1938-07-01,-0.164785156250002,NA,NA,NA,NA
1938,8,1938-08-01,2.068603515625,NA,NA,NA,NA
1938,9,1938-09-01,-0.96810546875,NA,NA,NA,NA
1938,10,1938-10-01,1.372607421875,NA,NA,NA,NA
1938,11,1938-11-01,1.304931640625,NA,NA,NA,NA
1938,12,1938-12-01,1.04990234375,NA,NA,NA,NA
1939,1,1939-01-01,-1.0831640625,NA,NA,NA,NA
1939,2,1939-02-01,0.278974609375,NA,NA,NA,NA
1939,3,1939-03-01,-3.156162109375,NA,NA,NA,NA
1939,4,1939-04-01,-2.247958984375,NA,NA,NA,NA
1939,5,1939-05-01,-0.34560546875,NA,NA,NA,NA
1939,6,1939-06-01,0.0431835937499994,NA,NA,NA,NA
1939,7,1939-07-01,0.625253906249998,NA,NA,NA,NA
1939,8,1939-08-01,2.398681640625,NA,NA,NA,NA
1939,9,1939-09-01,-0.20833984375,NA,NA,NA,NA
1939,10,1939-10-01,-0.327587890625001,NA,NA,NA,NA
1939,11,1939-11-01,-2.405029296875,NA,NA,NA,NA
1939,12,1939-12-01,-0.12978515625,NA,NA,NA,NA
1940,1,1940-01-01,-1.963046875,NA,NA,NA,NA
1940,2,1940-02-01,1.098310546875,NA,NA,NA,NA
1940,3,1940-03-01,-1.186435546875,NA,NA,NA,NA
1940,4,1940-04-01,-1.087802734375,NA,NA,NA,NA
1940,5,1940-05-01,1.06455078125,NA,NA,NA,NA
1940,6,1940-06-01,-0.476347656250001,NA,NA,NA,NA
1940,7,1940-07-01,0.805917968749998,NA,NA,NA,NA
1940,8,1940-08-01,0.248291015625,NA,NA,NA,NA
1940,9,1940-09-01,0.20181640625,NA,NA,NA,NA
1940,10,1940-10-01,-1.747509765625,NA,NA,NA,NA
1940,11,1940-11-01,-0.235107421875,NA,NA,NA,NA
1940,12,1940-12-01,-1.16982421875,NA,NA,NA,NA
1941,1,1941-01-01,-0.9835546875,NA,NA,NA,NA
1941,2,1941-02-01,2.388349609375,NA,NA,NA,NA
1941,3,1941-03-01,-1.576083984375,NA,NA,NA,NA
1941,4,1941-04-01,2.171962890625,NA,NA,NA,NA
1941,5,1941-05-01,0.35458984375,NA,NA,NA,NA
1941,6,1941-06-01,1.11349609375,NA,NA,NA,NA
1941,7,1941-07-01,0.825449218749998,NA,NA,NA,NA
1941,8,1941-08-01,-0.621826171875,NA,NA,NA,NA
1941,9,1941-09-01,0.88150390625,NA,NA,NA,NA
1941,10,1941-10-01,0.433154296874999,NA,NA,NA,NA
1941,11,1941-11-01,1.755126953125,NA,NA,NA,NA
1941,12,1941-12-01,1.87021484375,NA,NA,NA,NA
1942,1,1942-01-01,0.54671875,NA,NA,NA,NA
1942,2,1942-02-01,0.108076171875,NA,NA,NA,NA
1942,3,1942-03-01,3.534267578125,NA,NA,NA,NA
1942,4,1942-04-01,1.402431640625,NA,NA,NA,NA
1942,5,1942-05-01,1.38486328125,NA,NA,NA,NA
1942,6,1942-06-01,0.813691406249999,NA,NA,NA,NA
1942,7,1942-07-01,-0.0847070312500016,NA,NA,NA,NA
1942,8,1942-08-01,-0.521240234375,NA,NA,NA,NA
1942,9,1942-09-01,0.51138671875,NA,NA,NA,NA
1942,10,1942-10-01,1.683154296875,NA,NA,NA,NA
1942,11,1942-11-01,-0.225341796875,NA,NA,NA,NA
1942,12,1942-12-01,-2.07021484375,NA,NA,NA,NA
1943,1,1943-01-01,-2.033359375,NA,NA,NA,NA
1943,2,1943-02-01,1.728193359375,NA,NA,NA,NA
1943,3,1943-03-01,-0.396396484375,NA,NA,NA,NA
1943,4,1943-04-01,-1.817294921875,NA,NA,NA,NA
1943,5,1943-05-01,0.27451171875,NA,NA,NA,NA
1943,6,1943-06-01,0.283417968749999,NA,NA,NA,NA
1943,7,1943-07-01,0.455332031249998,NA,NA,NA,NA
1943,8,1943-08-01,-0.471435546875,NA,NA,NA,NA
1943,9,1943-09-01,-1.05892578125,NA,NA,NA,NA
1943,10,1943-10-01,0.522998046874999,NA,NA,NA,NA
1943,11,1943-11-01,-0.204833984375,NA,NA,NA,NA
1943,12,1943-12-01,-2.82021484375,NA,NA,NA,NA
1944,1,1944-01-01,1.736171875,NA,NA,NA,NA
1944,2,1944-02-01,0.0387402343750001,NA,NA,NA,NA
1944,3,1944-03-01,-0.486240234375,NA,NA,NA,NA
1944,4,1944-04-01,-1.187412109375,NA,NA,NA,NA
1944,5,1944-05-01,1.92392578125,NA,NA,NA,NA
1944,6,1944-06-01,-0.376738281250001,NA,NA,NA,NA
1944,7,1944-07-01,-0.0544335937500016,NA,NA,NA,NA
1944,8,1944-08-01,2.018798828125,NA,NA,NA,NA
1944,9,1944-09-01,0.35123046875,NA,NA,NA,NA
1944,10,1944-10-01,-0.477001953125001,NA,NA,NA,NA
1944,11,1944-11-01,0.885009765625,NA,NA,NA,NA
1944,12,1944-12-01,-0.30947265625,NA,NA,NA,NA
1945,1,1945-01-01,-1.5030859375,NA,NA,NA,NA
1945,2,1945-02-01,0.348310546875,NA,NA,NA,NA
1945,3,1945-03-01,3.624111328125,NA,NA,NA,NA
1945,4,1945-04-01,2.202236328125,NA,NA,NA,NA
1945,5,1945-05-01,-1.94521484375,NA,NA,NA,NA
1945,6,1945-06-01,-1.26638671875,NA,NA,NA,NA
1945,7,1945-07-01,-0.744863281250002,NA,NA,NA,NA
1945,8,1945-08-01,-0.001708984375,NA,NA,NA,NA
1945,9,1945-09-01,1.04166015625,NA,NA,NA,NA
1945,10,1945-10-01,-1.747509765625,NA,NA,NA,NA
1945,11,1945-11-01,0.575439453125,NA,NA,NA,NA
1945,12,1945-12-01,-1.95009765625,NA,NA,NA,NA
1946,1,1946-01-01,-0.1437109375,NA,NA,NA,NA
1946,2,1946-02-01,-2.061845703125,NA,NA,NA,NA
1946,3,1946-03-01,3.883876953125,NA,NA,NA,NA
1946,4,1946-04-01,-1.187412109375,NA,NA,NA,NA
1946,5,1946-05-01,-0.39541015625,NA,NA,NA,NA
1946,6,1946-06-01,-0.666777343750001,NA,NA,NA,NA
1946,7,1946-07-01,-1.26439453125,NA,NA,NA,NA
1946,8,1946-08-01,-1.491943359375,NA,NA,NA,NA
1946,9,1946-09-01,0.47134765625,NA,NA,NA,NA
1946,10,1946-10-01,1.263232421875,NA,NA,NA,NA
1946,11,1946-11-01,1.394775390625,NA,NA,NA,NA
1946,12,1946-12-01,0.75009765625,NA,NA,NA,NA
1947,1,1947-01-01,0.5164453125,NA,NA,NA,NA
1947,2,1947-02-01,1.968427734375,NA,NA,NA,NA
1947,3,1947-03-01,0.943447265625,NA,NA,NA,NA
1947,4,1947-04-01,-1.047763671875,NA,NA,NA,NA
1947,5,1947-05-01,-0.71572265625,NA,NA,NA,NA
1947,6,1947-06-01,-1.04666015625,NA,NA,NA,NA
1947,7,1947-07-01,1.44556640625,NA,NA,NA,NA
1947,8,1947-08-01,0.638916015625,NA,NA,NA,NA
1947,9,1947-09-01,0.53189453125,NA,NA,NA,NA
1947,10,1947-10-01,2.383349609375,NA,NA,NA,NA
1947,11,1947-11-01,-0.395263671875,NA,NA,NA,NA
1947,12,1947-12-01,-1.49990234375,NA,NA,NA,NA
1948,1,1948-01-01,-1.873203125,NA,NA,NA,NA
1948,2,1948-02-01,-1.941728515625,NA,NA,NA,NA
1948,3,1948-03-01,-0.585849609375,NA,NA,NA,NA
1948,4,1948-04-01,-0.817294921875,NA,NA,NA,NA
1948,5,1948-05-01,-2.04580078125,NA,NA,NA,NA
1948,6,1948-06-01,-1.61697265625,NA,NA,NA,NA
1948,7,1948-07-01,-0.174550781250002,NA,NA,NA,NA
1948,8,1948-08-01,0.518798828125,NA,NA,NA,NA
1948,9,1948-09-01,0.37173828125,NA,NA,NA,NA
1948,10,1948-10-01,-0.427197265625001,NA,NA,NA,NA
1948,11,1948-11-01,2.644775390625,NA,NA,NA,NA
1948,12,1948-12-01,2.40048828125,NA,NA,NA,NA
1949,1,1949-01-01,3.0769921875,NA,NA,NA,NA
1949,2,1949-02-01,2.288740234375,NA,NA,NA,NA
1949,3,1949-03-01,0.673916015625,NA,NA,NA,NA
1949,4,1949-04-01,1.912197265625,NA,NA,NA,NA
1949,5,1949-05-01,0.93466796875,NA,NA,NA,NA
1949,6,1949-06-01,1.47287109375,NA,NA,NA,NA
1949,7,1949-07-01,1.22583984375,NA,NA,NA,NA
1949,8,1949-08-01,0.758056640625,NA,NA,NA,NA
1949,9,1949-09-01,-0.23861328125,NA,NA,NA,NA
1949,10,1949-10-01,1.482958984375,NA,NA,NA,NA
1949,11,1949-11-01,-0.565185546875,NA,NA,NA,NA
1949,12,1949-12-01,2.56064453125,NA,NA,NA,NA
1950,1,1950-01-01,3.236171875,NA,NA,NA,NA
1950,2,1950-02-01,-1.231767578125,NA,NA,NA,NA
1950,3,1950-03-01,-2.005771484375,NA,NA,NA,NA
1950,4,1950-04-01,-0.287998046875,NA,NA,NA,NA
1950,5,1950-05-01,0.13486328125,NA,NA,NA,NA
1950,6,1950-06-01,0.182832031249999,NA,NA,NA,NA
1950,7,1950-07-01,-0.414785156250002,NA,NA,NA,NA
1950,8,1950-08-01,-0.301513671875,NA,NA,NA,NA
1950,9,1950-09-01,-1.94857421875,NA,NA,NA,NA
1950,10,1950-10-01,0.232958984374999,NA,NA,NA,NA
1950,11,1950-11-01,2.625244140625,NA,NA,NA,NA
1950,12,1950-12-01,2.36044921875,NA,NA,NA,NA
1951,1,1951-01-01,3.2469140625,NA,NA,NA,NA
1951,2,1951-02-01,2.558271484375,NA,NA,NA,NA
1951,3,1951-03-01,1.303798828125,NA,NA,NA,NA
1951,4,1951-04-01,1.982509765625,NA,NA,NA,NA
1951,5,1951-05-01,0.73447265625,NA,NA,NA,NA
1951,6,1951-06-01,-0.936308593750001,NA,NA,NA,NA
1951,7,1951-07-01,0.465097656249998,NA,NA,NA,NA
1951,8,1951-08-01,0.228759765625,NA,NA,NA,NA
1951,9,1951-09-01,0.91177734375,NA,NA,NA,NA
1951,10,1951-10-01,0.00249023437499929,NA,NA,NA,NA
1951,11,1951-11-01,-0.044677734375,NA,NA,NA,NA
1951,12,1951-12-01,0.62998046875,NA,NA,NA,NA
1952,1,1952-01-01,1.81625,NA,NA,NA,NA
1952,2,1952-02-01,1.498701171875,NA,NA,NA,NA
1952,3,1952-03-01,0.584072265625,NA,NA,NA,NA
1952,4,1952-04-01,1.332119140625,NA,NA,NA,NA
1952,5,1952-05-01,-0.54580078125,NA,NA,NA,NA
1952,6,1952-06-01,1.05294921875,NA,NA,NA,NA
1952,7,1952-07-01,2.17505859375,NA,NA,NA,NA
1952,8,1952-08-01,0.708251953125,NA,NA,NA,NA
1952,9,1952-09-01,0.83169921875,NA,NA,NA,NA
1952,10,1952-10-01,-0.137158203125001,NA,NA,NA,NA
1952,11,1952-11-01,0.745361328125,NA,NA,NA,NA
1952,12,1952-12-01,2.33017578125,NA,NA,NA,NA
1953,1,1953-01-01,3.966640625,NA,NA,NA,NA
1953,2,1953-02-01,2.788740234375,NA,NA,NA,NA
1953,3,1953-03-01,1.204189453125,NA,NA,NA,NA
1953,4,1953-04-01,1.712001953125,NA,NA,NA,NA
1953,5,1953-05-01,0.19443359375,NA,NA,NA,NA
1953,6,1953-06-01,0.103730468749999,NA,NA,NA,NA
1953,7,1953-07-01,0.205332031249998,NA,NA,NA,NA
1953,8,1953-08-01,-0.201904296875,NA,NA,NA,NA
1953,9,1953-09-01,0.78189453125,NA,NA,NA,NA
1953,10,1953-10-01,1.183154296875,NA,NA,NA,NA
1953,11,1953-11-01,2.694580078125,NA,NA,NA,NA
1953,12,1953-12-01,4.94052734375,NA,NA,NA,NA
1954,1,1954-01-01,-0.6437109375,NA,NA,NA,NA
1954,2,1954-02-01,3.808271484375,NA,NA,NA,NA
1954,3,1954-03-01,0.383876953125,NA,NA,NA,NA
1954,4,1954-04-01,0.00204101562500014,NA,NA,NA,NA
1954,5,1954-05-01,-0.94521484375,NA,NA,NA,NA
1954,6,1954-06-01,-0.306425781250001,NA,NA,NA,NA
1954,7,1954-07-01,-0.814199218750002,NA,NA,NA,NA
1954,8,1954-08-01,-0.711669921875,NA,NA,NA,NA
1954,9,1954-09-01,-0.67806640625,NA,NA,NA,NA
1954,10,1954-10-01,1.462451171875,NA,NA,NA,NA
1954,11,1954-11-01,0.755126953125,NA,NA,NA,NA
1954,12,1954-12-01,1.83994140625,NA,NA,NA,NA
1955,1,1955-01-01,-0.38296875,NA,NA,NA,NA
1955,2,1955-02-01,1.398115234375,NA,NA,NA,NA
1955,3,1955-03-01,-0.936435546875,NA,NA,NA,NA
1955,4,1955-04-01,0.762783203125,NA,NA,NA,NA
1955,5,1955-05-01,1.48447265625,NA,NA,NA,NA
1955,6,1955-06-01,-0.296660156250001,NA,NA,NA,NA
1955,7,1955-07-01,0.845957031249998,NA,NA,NA,NA
1955,8,1955-08-01,0.678955078125,NA,NA,NA,NA
1955,9,1955-09-01,-0.45833984375,NA,NA,NA,NA
1955,10,1955-10-01,0.223193359374999,NA,NA,NA,NA
1955,11,1955-11-01,-0.015380859375,NA,NA,NA,NA
1955,12,1955-12-01,-3.58974609375,NA,NA,NA,NA
1956,1,1956-01-01,4.2566796875,NA,NA,NA,NA
1956,2,1956-02-01,0.828779296875,NA,NA,NA,NA
1956,3,1956-03-01,-2.936435546875,NA,NA,NA,NA
1956,4,1956-04-01,-1.067294921875,NA,NA,NA,NA
1956,5,1956-05-01,-2.70595703125,NA,NA,NA,NA
1956,6,1956-06-01,-0.737089843750001,NA,NA,NA,NA
1956,7,1956-07-01,-1.54466796875,NA,NA,NA,NA
1956,8,1956-08-01,-1.341552734375,NA,NA,NA,NA
1956,9,1956-09-01,-1.88900390625,NA,NA,NA,NA
1956,10,1956-10-01,0.0630371093749993,NA,NA,NA,NA
1956,11,1956-11-01,1.255126953125,NA,NA,NA,NA
1956,12,1956-12-01,0.79990234375,NA,NA,NA,NA
1957,1,1957-01-01,-3.552890625,NA,NA,NA,NA
1957,2,1957-02-01,2.768232421875,NA,NA,NA,NA
1957,3,1957-03-01,0.763759765625,NA,NA,NA,NA
1957,4,1957-04-01,0.662197265625,NA,NA,NA,NA
1957,5,1957-05-01,0.62412109375,NA,NA,NA,NA
1957,6,1957-06-01,0.463105468749999,NA,NA,NA,NA
1957,7,1957-07-01,-0.434316406250002,NA,NA,NA,NA
1957,8,1957-08-01,-1.071044921875,NA,NA,NA,NA
1957,9,1957-09-01,0.74185546875,NA,NA,NA,NA
1957,10,1957-10-01,0.603076171874999,NA,NA,NA,NA
1957,11,1957-11-01,2.104736328125,NA,NA,NA,NA
1957,12,1957-12-01,3.74033203125,NA,NA,NA,NA
1958,1,1958-01-01,3.4363671875,NA,NA,NA,NA
1958,2,1958-02-01,-1.091142578125,NA,NA,NA,NA
1958,3,1958-03-01,2.103603515625,NA,NA,NA,NA
1958,4,1958-04-01,1.182705078125,NA,NA,NA,NA
1958,5,1958-05-01,-1.28603515625,NA,NA,NA,NA
1958,6,1958-06-01,-1.83669921875,NA,NA,NA,NA
1958,7,1958-07-01,-1.04466796875,NA,NA,NA,NA
1958,8,1958-08-01,-0.091552734375,NA,NA,NA,NA
1958,9,1958-09-01,0.10123046875,NA,NA,NA,NA
1958,10,1958-10-01,-0.896923828125001,NA,NA,NA,NA
1958,11,1958-11-01,0.575439453125,NA,NA,NA,NA
1958,12,1958-12-01,-4.25966796875,NA,NA,NA,NA
1959,1,1959-01-01,0.146328125,NA,NA,NA,NA
1959,2,1959-02-01,-2.091142578125,NA,NA,NA,NA
1959,3,1959-03-01,-0.436435546875,NA,NA,NA,NA
1959,4,1959-04-01,0.522548828125,NA,NA,NA,NA
1959,5,1959-05-01,1.83408203125,NA,NA,NA,NA
1959,6,1959-06-01,-2.34646484375,NA,NA,NA,NA
1959,7,1959-07-01,0.475839843749998,NA,NA,NA,NA
1959,8,1959-08-01,0.308837890625,NA,NA,NA,NA
1959,9,1959-09-01,1.11099609375,NA,NA,NA,NA
1959,10,1959-10-01,-0.347119140625001,NA,NA,NA,NA
1959,11,1959-11-01,0.925048828125,NA,NA,NA,NA
1959,12,1959-12-01,2.24033203125,NA,NA,NA,NA
1960,1,1960-01-01,1.236171875,NA,NA,NA,NA
1960,2,1960-02-01,4.128583984375,NA,NA,NA,NA
1960,3,1960-03-01,-1.455966796875,NA,NA,NA,NA
1960,4,1960-04-01,0.272548828125,NA,NA,NA,NA
1960,5,1960-05-01,1.48447265625,NA,NA,NA,NA
1960,6,1960-06-01,0.533417968749999,NA,NA,NA,NA
1960,7,1960-07-01,-0.0641992187500016,NA,NA,NA,NA
1960,8,1960-08-01,0.278564453125,NA,NA,NA,NA
1960,9,1960-09-01,0.38150390625,NA,NA,NA,NA
1960,10,1960-10-01,-0.927197265625001,NA,NA,NA,NA
1960,11,1960-11-01,2.234619140625,NA,NA,NA,NA
1960,12,1960-12-01,-0.35927734375,NA,NA,NA,NA
1961,1,1961-01-01,-2.802890625,NA,NA,NA,NA
1961,2,1961-02-01,0.848310546875,NA,NA,NA,NA
1961,3,1961-03-01,-0.646396484375,NA,NA,NA,NA
1961,4,1961-04-01,-0.977451171875,NA,NA,NA,NA
1961,5,1961-05-01,-0.78603515625,NA,NA,NA,NA
1961,6,1961-06-01,0.233613281249999,NA,NA,NA,NA
1961,7,1961-07-01,-1.71458984375,NA,NA,NA,NA
1961,8,1961-08-01,0.078369140625,NA,NA,NA,NA
1961,9,1961-09-01,2.59146484375,NA,NA,NA,NA
1961,10,1961-10-01,1.622607421875,NA,NA,NA,NA
1961,11,1961-11-01,1.854736328125,NA,NA,NA,NA
1961,12,1961-12-01,1.17978515625,NA,NA,NA,NA
1962,1,1962-01-01,0.2566796875,NA,NA,NA,NA
1962,2,1962-02-01,-1.861650390625,NA,NA,NA,NA
1962,3,1962-03-01,1.353603515625,NA,NA,NA,NA
1962,4,1962-04-01,0.0821191406250001,NA,NA,NA,NA
1962,5,1962-05-01,-0.46572265625,NA,NA,NA,NA
1962,6,1962-06-01,0.103730468749999,NA,NA,NA,NA
1962,7,1962-07-01,-2.39427734375,NA,NA,NA,NA
1962,8,1962-08-01,-1.061279296875,NA,NA,NA,NA
1962,9,1962-09-01,-1.27865234375,NA,NA,NA,NA
1962,10,1962-10-01,0.212451171874999,NA,NA,NA,NA
1962,11,1962-11-01,-1.055419921875,NA,NA,NA,NA
1962,12,1962-12-01,-0.34951171875,NA,NA,NA,NA
1963,1,1963-01-01,1.5164453125,NA,NA,NA,NA
1963,2,1963-02-01,-2.291337890625,NA,NA,NA,NA
1963,3,1963-03-01,-0.196201171875,NA,NA,NA,NA
1963,4,1963-04-01,0.122158203125,NA,NA,NA,NA
1963,5,1963-05-01,-0.29580078125,NA,NA,NA,NA
1963,6,1963-06-01,1.06369140625,NA,NA,NA,NA
1963,7,1963-07-01,1.06568359375,NA,NA,NA,NA
1963,8,1963-08-01,-1.531982421875,NA,NA,NA,NA
1963,9,1963-09-01,-1.58822265625,NA,NA,NA,NA
1963,10,1963-10-01,2.593310546875,NA,NA,NA,NA
1963,11,1963-11-01,2.035400390625,NA,NA,NA,NA
1963,12,1963-12-01,-4.26943359375,NA,NA,NA,NA
1964,1,1964-01-01,2.456875,NA,NA,NA,NA
1964,2,1964-02-01,0.988935546875,NA,NA,NA,NA
1964,3,1964-03-01,0.153408203125,NA,NA,NA,NA
1964,4,1964-04-01,-0.127841796875,NA,NA,NA,NA
1964,5,1964-05-01,1.29404296875,NA,NA,NA,NA
1964,6,1964-06-01,0.203339843749999,NA,NA,NA,NA
1964,7,1964-07-01,-1.07494140625,NA,NA,NA,NA
1964,8,1964-08-01,-2.121826171875,NA,NA,NA,NA
1964,9,1964-09-01,-1.69857421875,NA,NA,NA,NA
1964,10,1964-10-01,-0.297314453125001,NA,NA,NA,NA
1964,11,1964-11-01,0.144775390625,NA,NA,NA,NA
1964,12,1964-12-01,0.14072265625,NA,NA,NA,NA
1965,1,1965-01-01,-1.4835546875,NA,NA,NA,NA
1965,2,1965-02-01,-0.941728515625,NA,NA,NA,NA
1965,3,1965-03-01,0.164150390625,NA,NA,NA,NA
1965,4,1965-04-01,-0.777255859375,NA,NA,NA,NA
1965,5,1965-05-01,0.30478515625,NA,NA,NA,NA
1965,6,1965-06-01,1.26291015625,NA,NA,NA,NA
1965,7,1965-07-01,-0.784902343750002,NA,NA,NA,NA
1965,8,1965-08-01,0.198486328125,NA,NA,NA,NA
1965,9,1965-09-01,-0.34896484375,NA,NA,NA,NA
1965,10,1965-10-01,-0.776806640625001,NA,NA,NA,NA
1965,11,1965-11-01,-1.464599609375,NA,NA,NA,NA
1965,12,1965-12-01,0.83994140625,NA,NA,NA,NA
1966,1,1966-01-01,1.806484375,NA,NA,NA,NA
1966,2,1966-02-01,1.108076171875,NA,NA,NA,NA
1966,3,1966-03-01,1.113369140625,NA,NA,NA,NA
1966,4,1966-04-01,-0.837802734375,NA,NA,NA,NA
1966,5,1966-05-01,-0.85537109375,NA,NA,NA,NA
1966,6,1966-06-01,0.472871093749999,NA,NA,NA,NA
1966,7,1966-07-01,-0.204824218750002,NA,NA,NA,NA
1966,8,1966-08-01,0.408447265625,NA,NA,NA,NA
1966,9,1966-09-01,-0.78841796875,NA,NA,NA,NA
1966,10,1966-10-01,0.152880859374999,NA,NA,NA,NA
1966,11,1966-11-01,2.474853515625,NA,NA,NA,NA
1966,12,1966-12-01,2.33017578125,NA,NA,NA,NA
1967,1,1967-01-01,2.736171875,NA,NA,NA,NA
1967,2,1967-02-01,-2.331376953125,NA,NA,NA,NA
1967,3,1967-03-01,-2.926669921875,NA,NA,NA,NA
1967,4,1967-04-01,-1.247958984375,NA,NA,NA,NA
1967,5,1967-05-01,-2.94521484375,NA,NA,NA,NA
1967,6,1967-06-01,0.592988281249999,NA,NA,NA,NA
1967,7,1967-07-01,-0.484121093750002,NA,NA,NA,NA
1967,8,1967-08-01,0.358642578125,NA,NA,NA,NA
1967,9,1967-09-01,0.13150390625,NA,NA,NA,NA
1967,10,1967-10-01,0.732958984374999,NA,NA,NA,NA
1967,11,1967-11-01,-0.695068359375,NA,NA,NA,NA
1967,12,1967-12-01,1.15048828125,NA,NA,NA,NA
1968,1,1968-01-01,-2.013828125,NA,NA,NA,NA
1968,2,1968-02-01,-2.431962890625,NA,NA,NA,NA
1968,3,1968-03-01,1.244228515625,NA,NA,NA,NA
1968,4,1968-04-01,1.352626953125,NA,NA,NA,NA
1968,5,1968-05-01,-0.45595703125,NA,NA,NA,NA
1968,6,1968-06-01,-0.817167968750001,NA,NA,NA,NA
1968,7,1968-07-01,1.09595703125,NA,NA,NA,NA
1968,8,1968-08-01,-0.771240234375,NA,NA,NA,NA
1968,9,1968-09-01,1.39126953125,NA,NA,NA,NA
1968,10,1968-10-01,1.912646484375,NA,NA,NA,NA
1968,11,1968-11-01,-1.584716796875,NA,NA,NA,NA
1968,12,1968-12-01,-0.26943359375,NA,NA,NA,NA
1969,1,1969-01-01,0.876796875,NA,NA,NA,NA
1969,2,1969-02-01,1.378583984375,NA,NA,NA,NA
1969,3,1969-03-01,-0.236240234375,NA,NA,NA,NA
1969,4,1969-04-01,-0.287998046875,NA,NA,NA,NA
1969,5,1969-05-01,0.21396484375,NA,NA,NA,NA
1969,6,1969-06-01,1.19357421875,NA,NA,NA,NA
1969,7,1969-07-01,-0.384511718750002,NA,NA,NA,NA
1969,8,1969-08-01,1.278564453125,NA,NA,NA,NA
1969,9,1969-09-01,-0.23861328125,NA,NA,NA,NA
1969,10,1969-10-01,-0.707470703125001,NA,NA,NA,NA
1969,11,1969-11-01,1.035400390625,NA,NA,NA,NA
1969,12,1969-12-01,1.87998046875,NA,NA,NA,NA
1970,1,1970-01-01,-3.8233984375,NA,NA,NA,NA
1970,2,1970-02-01,0.388349609375,NA,NA,NA,NA
1970,3,1970-03-01,-0.276279296875,NA,NA,NA,NA
1970,4,1970-04-01,-0.307529296875,NA,NA,NA,NA
1970,5,1970-05-01,1.15439453125,NA,NA,NA,NA
1970,6,1970-06-01,0.533417968749999,NA,NA,NA,NA
1970,7,1970-07-01,0.955332031249998,NA,NA,NA,NA
1970,8,1970-08-01,0.878173828125,NA,NA,NA,NA
1970,9,1970-09-01,-0.35873046875,NA,NA,NA,NA
1970,10,1970-10-01,1.063037109375,NA,NA,NA,NA
1970,11,1970-11-01,0.535400390625,NA,NA,NA,NA
1970,12,1970-12-01,-4.24990234375,NA,NA,NA,NA
1971,1,1971-01-01,-3.95328125,NA,NA,NA,NA
1971,2,1971-02-01,0.0485058593750001,NA,NA,NA,NA
1971,3,1971-03-01,-0.156162109375,NA,NA,NA,NA
1971,4,1971-04-01,-0.557529296875,NA,NA,NA,NA
1971,5,1971-05-01,0.64462890625,NA,NA,NA,NA
1971,6,1971-06-01,0.743378906249999,NA,NA,NA,NA
1971,7,1971-07-01,0.385996093749998,NA,NA,NA,NA
1971,8,1971-08-01,0.588134765625,NA,NA,NA,NA
1971,9,1971-09-01,1.50162109375,NA,NA,NA,NA
1971,10,1971-10-01,2.263232421875,NA,NA,NA,NA
1971,11,1971-11-01,-1.284912109375,NA,NA,NA,NA
1971,12,1971-12-01,-0.0399414062500001,NA,NA,NA,NA
1972,1,1972-01-01,1.0769921875,NA,NA,NA,NA
1972,2,1972-02-01,-0.861650390625,NA,NA,NA,NA
1972,3,1972-03-01,-2.276279296875,NA,NA,NA,NA
1972,4,1972-04-01,-1.717685546875,NA,NA,NA,NA
1972,5,1972-05-01,0.92392578125,NA,NA,NA,NA
1972,6,1972-06-01,-0.817167968750001,NA,NA,NA,NA
1972,7,1972-07-01,-0.144277343750002,NA,NA,NA,NA
1972,8,1972-08-01,0.188720703125,NA,NA,NA,NA
1972,9,1972-09-01,0.93130859375,NA,NA,NA,NA
1972,10,1972-10-01,-1.906689453125,NA,NA,NA,NA
1972,11,1972-11-01,-1.645263671875,NA,NA,NA,NA
1972,12,1972-12-01,-1.21962890625,NA,NA,NA,NA
1973,1,1973-01-01,0.896328125,NA,NA,NA,NA
1973,2,1973-02-01,-0.181962890625,NA,NA,NA,NA
1973,3,1973-03-01,2.593837890625,NA,NA,NA,NA
1973,4,1973-04-01,1.022548828125,NA,NA,NA,NA
1973,5,1973-05-01,-1.15517578125,NA,NA,NA,NA
1973,6,1973-06-01,1.01291015625,NA,NA,NA,NA
1973,7,1973-07-01,1.20533203125,NA,NA,NA,NA
1973,8,1973-08-01,1.788330078125,NA,NA,NA,NA
1973,9,1973-09-01,-0.0784570312500001,NA,NA,NA,NA
1973,10,1973-10-01,-0.0170410156250007,NA,NA,NA,NA
1973,11,1973-11-01,-0.454833984375,NA,NA,NA,NA
1973,12,1973-12-01,4.04013671875,NA,NA,NA,NA
1974,1,1974-01-01,0.4969140625,NA,NA,NA,NA
1974,2,1974-02-01,-0.701494140625,NA,NA,NA,NA
1974,3,1974-03-01,-0.016513671875,NA,NA,NA,NA
1974,4,1974-04-01,0.882900390625,NA,NA,NA,NA
1974,5,1974-05-01,-1.81533203125,NA,NA,NA,NA
1974,6,1974-06-01,0.302949218749999,NA,NA,NA,NA
1974,7,1974-07-01,-0.404042968750002,NA,NA,NA,NA
1974,8,1974-08-01,1.538330078125,NA,NA,NA,NA
1974,9,1974-09-01,-0.33822265625,NA,NA,NA,NA
1974,10,1974-10-01,-2.467236328125,NA,NA,NA,NA
1974,11,1974-11-01,0.154541015625,NA,NA,NA,NA
1974,12,1974-12-01,2.04990234375,NA,NA,NA,NA
1975,1,1975-01-01,1.556484375,NA,NA,NA,NA
1975,2,1975-02-01,-0.0110644531249999,NA,NA,NA,NA
1975,3,1975-03-01,-0.215732421875,NA,NA,NA,NA
1975,4,1975-04-01,-1.067294921875,NA,NA,NA,NA
1975,5,1975-05-01,1.57431640625,NA,NA,NA,NA
1975,6,1975-06-01,0.913300781249999,NA,NA,NA,NA
1975,7,1975-07-01,1.17505859375,NA,NA,NA,NA
1975,8,1975-08-01,0.778564453125,NA,NA,NA,NA
1975,9,1975-09-01,-0.80892578125,NA,NA,NA,NA
1975,10,1975-10-01,0.572802734374999,NA,NA,NA,NA
1975,11,1975-11-01,2.255126953125,NA,NA,NA,NA
1975,12,1975-12-01,-0.37001953125,NA,NA,NA,NA
1976,1,1976-01-01,-1.6134375,NA,NA,NA,NA
1976,2,1976-02-01,2.908857421875,NA,NA,NA,NA
1976,3,1976-03-01,0.593837890625,NA,NA,NA,NA
1976,4,1976-04-01,1.332119140625,NA,NA,NA,NA
1976,5,1976-05-01,0.45419921875,NA,NA,NA,NA
1976,6,1976-06-01,2.56369140625,NA,NA,NA,NA
1976,7,1976-07-01,-0.00462890625000156,NA,NA,NA,NA
1976,8,1976-08-01,0.328369140625,NA,NA,NA,NA
1976,9,1976-09-01,-0.0188867187500001,NA,NA,NA,NA
1976,10,1976-10-01,-1.146923828125,NA,NA,NA,NA
1976,11,1976-11-01,-1.544677734375,NA,NA,NA,NA
1976,12,1976-12-01,-2.91982421875,NA,NA,NA,NA
1977,1,1977-01-01,-2.77359375,NA,NA,NA,NA
1977,2,1977-02-01,-0.111650390625,NA,NA,NA,NA
1977,3,1977-03-01,2.723720703125,NA,NA,NA,NA
1977,4,1977-04-01,0.242275390625,NA,NA,NA,NA
1977,5,1977-05-01,1.76474609375,NA,NA,NA,NA
1977,6,1977-06-01,-0.907011718750001,NA,NA,NA,NA
1977,7,1977-07-01,0.345957031249998,NA,NA,NA,NA
1977,8,1977-08-01,-0.441162109375,NA,NA,NA,NA
1977,9,1977-09-01,-0.82845703125,NA,NA,NA,NA
1977,10,1977-10-01,0.513232421874999,NA,NA,NA,NA
1977,11,1977-11-01,1.394775390625,NA,NA,NA,NA
1977,12,1977-12-01,0.11044921875,NA,NA,NA,NA
1978,1,1978-01-01,-0.77359375,NA,NA,NA,NA
1978,2,1978-02-01,-1.581376953125,NA,NA,NA,NA
1978,3,1978-03-01,-0.936435546875,NA,NA,NA,NA
1978,4,1978-04-01,-0.297763671875,NA,NA,NA,NA
1978,5,1978-05-01,1.34482421875,NA,NA,NA,NA
1978,6,1978-06-01,0.153535156249999,NA,NA,NA,NA
1978,7,1978-07-01,0.665292968749998,NA,NA,NA,NA
1978,8,1978-08-01,1.508056640625,NA,NA,NA,NA
1978,9,1978-09-01,-0.99837890625,NA,NA,NA,NA
1978,10,1978-10-01,-0.807080078125001,NA,NA,NA,NA
1978,11,1978-11-01,-1.874755859375,NA,NA,NA,NA
1978,12,1978-12-01,0.29990234375,NA,NA,NA,NA
1979,1,1979-01-01,1.5164453125,NA,NA,NA,NA
1979,2,1979-02-01,-2.291337890625,NA,NA,NA,NA
1979,3,1979-03-01,2.874111328125,NA,NA,NA,NA
1979,4,1979-04-01,0.732509765625,NA,NA,NA,NA
1979,5,1979-05-01,1.06455078125,NA,NA,NA,NA
1979,6,1979-06-01,1.15353515625,NA,NA,NA,NA
1979,7,1979-07-01,1.02564453125,NA,NA,NA,NA
1979,8,1979-08-01,-0.171630859375,NA,NA,NA,NA
1979,9,1979-09-01,0.24185546875,NA,NA,NA,NA
1979,10,1979-10-01,-0.0375488281250007,NA,NA,NA,NA
1979,11,1979-11-01,2.705322265625,NA,NA,NA,NA
1979,12,1979-12-01,1.69052734375,NA,NA,NA,NA
1980,1,1980-01-01,1.1365625,NA,NA,NA,NA
1980,2,1980-02-01,-0.771806640625,NA,NA,NA,NA
1980,3,1980-03-01,-0.346591796875,NA,NA,NA,NA
1980,4,1980-04-01,1.372158203125,NA,NA,NA,NA
1980,5,1980-05-01,1.28427734375,NA,NA,NA,NA
1980,6,1980-06-01,0.512910156249999,NA,NA,NA,NA
1980,7,1980-07-01,1.28541015625,NA,NA,NA,NA
1980,8,1980-08-01,1.758056640625,NA,NA,NA,NA
1980,9,1980-09-01,-0.20833984375,NA,NA,NA,NA
1980,10,1980-10-01,-1.377392578125,NA,NA,NA,NA
1980,11,1980-11-01,-1.195068359375,NA,NA,NA,NA
1980,12,1980-12-01,-3.14931640625,NA,NA,NA,NA
1981,1,1981-01-01,-4.2433203125,NA,NA,NA,NA
1981,2,1981-02-01,4.908857421875,NA,NA,NA,NA
1981,3,1981-03-01,1.883876953125,NA,NA,NA,NA
1981,4,1981-04-01,1.562587890625,NA,NA,NA,NA
1981,5,1981-05-01,1.27451171875,NA,NA,NA,NA
1981,6,1981-06-01,0.823457031249999,NA,NA,NA,NA
1981,7,1981-07-01,0.745371093749998,NA,NA,NA,NA
1981,8,1981-08-01,0.448486328125,NA,NA,NA,NA
1981,9,1981-09-01,-0.37826171875,NA,NA,NA,NA
1981,10,1981-10-01,-0.787548828125001,NA,NA,NA,NA
1981,11,1981-11-01,0.425048828125,NA,NA,NA,NA
1981,12,1981-12-01,2.78037109375,NA,NA,NA,NA
1982,1,1982-01-01,-3.9230078125,NA,NA,NA,NA
1982,2,1982-02-01,-0.361650390625,NA,NA,NA,NA
1982,3,1982-03-01,0.084072265625,NA,NA,NA,NA
1982,4,1982-04-01,-0.717685546875,NA,NA,NA,NA
1982,5,1982-05-01,0.78427734375,NA,NA,NA,NA
1982,6,1982-06-01,-0.716582031250001,NA,NA,NA,NA
1982,7,1982-07-01,0.815683593749998,NA,NA,NA,NA
1982,8,1982-08-01,-1.161865234375,NA,NA,NA,NA
1982,9,1982-09-01,0.63150390625,NA,NA,NA,NA
1982,10,1982-10-01,0.712451171874999,NA,NA,NA,NA
1982,11,1982-11-01,2.094970703125,NA,NA,NA,NA
1982,12,1982-12-01,3.17978515625,NA,NA,NA,NA
1983,1,1983-01-01,1.29671875,NA,NA,NA,NA
1983,2,1983-02-01,1.538740234375,NA,NA,NA,NA
1983,3,1983-03-01,1.494228515625,NA,NA,NA,NA
1983,4,1983-04-01,1.082119140625,NA,NA,NA,NA
1983,5,1983-05-01,-0.48525390625,NA,NA,NA,NA
1983,6,1983-06-01,1.74337890625,NA,NA,NA,NA
1983,7,1983-07-01,0.725839843749998,NA,NA,NA,NA
1983,8,1983-08-01,1.508056640625,NA,NA,NA,NA
1983,9,1983-09-01,2.93130859375,NA,NA,NA,NA
1983,10,1983-10-01,0.912646484374999,NA,NA,NA,NA
1983,11,1983-11-01,1.465087890625,NA,NA,NA,NA
1983,12,1983-12-01,0.64072265625,NA,NA,NA,NA
1984,1,1984-01-01,-0.802890625,NA,NA,NA,NA
1984,2,1984-02-01,5.048505859375,NA,NA,NA,NA
1984,3,1984-03-01,-2.786044921875,NA,NA,NA,NA
1984,4,1984-04-01,0.602626953125,NA,NA,NA,NA
1984,5,1984-05-01,0.52451171875,NA,NA,NA,NA
1984,6,1984-06-01,0.603730468749999,NA,NA,NA,NA
1984,7,1984-07-01,0.795175781249998,NA,NA,NA,NA
1984,8,1984-08-01,1.728759765625,NA,NA,NA,NA
1984,9,1984-09-01,-0.0882226562500001,NA,NA,NA,NA
1984,10,1984-10-01,1.122607421875,NA,NA,NA,NA
1984,11,1984-11-01,1.335205078125,NA,NA,NA,NA
1984,12,1984-12-01,2.99033203125,NA,NA,NA,NA
1985,1,1985-01-01,-2.9737890625,NA,NA,NA,NA
1985,2,1985-02-01,2.198896484375,NA,NA,NA,NA
1985,3,1985-03-01,0.353603515625,NA,NA,NA,NA
1985,4,1985-04-01,0.582119140625,NA,NA,NA,NA
1985,5,1985-05-01,0.20419921875,NA,NA,NA,NA
1985,6,1985-06-01,-0.766386718750001,NA,NA,NA,NA
1985,7,1985-07-01,0.425058593749998,NA,NA,NA,NA
1985,8,1985-08-01,-0.291748046875,NA,NA,NA,NA
1985,9,1985-09-01,0.88150390625,NA,NA,NA,NA
1985,10,1985-10-01,0.683154296874999,NA,NA,NA,NA
1985,11,1985-11-01,-0.155029296875,NA,NA,NA,NA
1985,12,1985-12-01,-1.82998046875,NA,NA,NA,NA
1986,1,1986-01-01,1.86703125,NA,NA,NA,NA
1986,2,1986-02-01,-0.261064453125,NA,NA,NA,NA
1986,3,1986-03-01,0.473720703125,NA,NA,NA,NA
1986,4,1986-04-01,2.702236328125,NA,NA,NA,NA
1986,5,1986-05-01,0.50400390625,NA,NA,NA,NA
1986,6,1986-06-01,-0.407011718750001,NA,NA,NA,NA
1986,7,1986-07-01,-1.13451171875,NA,NA,NA,NA
1986,8,1986-08-01,-0.691162109375,NA,NA,NA,NA
1986,9,1986-09-01,-0.81869140625,NA,NA,NA,NA
1986,10,1986-10-01,-0.00727539062500071,NA,NA,NA,NA
1986,11,1986-11-01,-1.374755859375,NA,NA,NA,NA
1986,12,1986-12-01,0.70029296875,NA,NA,NA,NA
1987,1,1987-01-01,-0.533359375,NA,NA,NA,NA
1987,2,1987-02-01,-0.751298828125,NA,NA,NA,NA
1987,3,1987-03-01,0.403408203125,NA,NA,NA,NA
1987,4,1987-04-01,1.872158203125,NA,NA,NA,NA
1987,5,1987-05-01,1.32431640625,NA,NA,NA,NA
1987,6,1987-06-01,0.503144531249999,NA,NA,NA,NA
1987,7,1987-07-01,-0.444082031250002,NA,NA,NA,NA
1987,8,1987-08-01,0.098876953125,NA,NA,NA,NA
1987,9,1987-09-01,0.33169921875,NA,NA,NA,NA
1987,10,1987-10-01,0.522998046874999,NA,NA,NA,NA
1987,11,1987-11-01,-0.605224609375,NA,NA,NA,NA
1987,12,1987-12-01,1.03037109375,NA,NA,NA,NA
1988,1,1988-01-01,-0.3136328125,NA,NA,NA,NA
1988,2,1988-02-01,1.668623046875,NA,NA,NA,NA
1988,3,1988-03-01,-0.125888671875,NA,NA,NA,NA
1988,4,1988-04-01,0.442470703125,NA,NA,NA,NA
1988,5,1988-05-01,1.57431640625,NA,NA,NA,NA
1988,6,1988-06-01,1.20333984375,NA,NA,NA,NA
1988,7,1988-07-01,1.33521484375,NA,NA,NA,NA
1988,8,1988-08-01,1.878173828125,NA,NA,NA,NA
1988,9,1988-09-01,0.0914648437499999,NA,NA,NA,NA
1988,10,1988-10-01,-1.557080078125,NA,NA,NA,NA
1988,11,1988-11-01,1.715087890625,NA,NA,NA,NA
1988,12,1988-12-01,-0.45009765625,NA,NA,NA,NA
1989,1,1989-01-01,2.5066796875,NA,NA,NA,NA
1989,2,1989-02-01,0.208662109375,NA,NA,NA,NA
1989,3,1989-03-01,-0.915927734375,NA,NA,NA,NA
1989,4,1989-04-01,-1.067294921875,NA,NA,NA,NA
1989,5,1989-05-01,1.81455078125,NA,NA,NA,NA
1989,6,1989-06-01,1.28341796875,NA,NA,NA,NA
1989,7,1989-07-01,0.235605468749998,NA,NA,NA,NA
1989,8,1989-08-01,-0.231201171875,NA,NA,NA,NA
1989,9,1989-09-01,0.37173828125,NA,NA,NA,NA
1989,10,1989-10-01,0.522998046874999,NA,NA,NA,NA
1989,11,1989-11-01,-0.674560546875,NA,NA,NA,NA
1989,12,1989-12-01,-7.03017578125,NA,NA,NA,NA
1990,1,1990-01-01,4.3865625,NA,NA,NA,NA
1990,2,1990-02-01,0.488935546875,NA,NA,NA,NA
1990,3,1990-03-01,0.943447265625,NA,NA,NA,NA
1990,4,1990-04-01,0.752041015625,NA,NA,NA,NA
1990,5,1990-05-01,-0.50576171875,NA,NA,NA,NA
1990,6,1990-06-01,0.143769531249999,NA,NA,NA,NA
1990,7,1990-07-01,1.20533203125,NA,NA,NA,NA
1990,8,1990-08-01,2.078369140625,NA,NA,NA,NA
1990,9,1990-09-01,-0.22884765625,NA,NA,NA,NA
1990,10,1990-10-01,1.172412109375,NA,NA,NA,NA
1990,11,1990-11-01,1.295166015625,NA,NA,NA,NA
1990,12,1990-12-01,3.73056640625,NA,NA,NA,NA
1991,1,1991-01-01,0.306484375,NA,NA,NA,NA
1991,2,1991-02-01,3.028974609375,NA,NA,NA,NA
1991,3,1991-03-01,1.933681640625,NA,NA,NA,NA
1991,4,1991-04-01,1.742275390625,NA,NA,NA,NA
1991,5,1991-05-01,2.70419921875,NA,NA,NA,NA
1991,6,1991-06-01,1.69357421875,NA,NA,NA,NA
1991,7,1991-07-01,0.965097656249998,NA,NA,NA,NA
1991,8,1991-08-01,1.598876953125,NA,NA,NA,NA
1991,9,1991-09-01,-0.41830078125,NA,NA,NA,NA
1991,10,1991-10-01,0.593310546874999,NA,NA,NA,NA
1991,11,1991-11-01,0.755126953125,NA,NA,NA,NA
1991,12,1991-12-01,-0.58974609375,NA,NA,NA,NA
1992,1,1992-01-01,0.1863671875,NA,NA,NA,NA
1992,2,1992-02-01,0.608076171875,NA,NA,NA,NA
1992,3,1992-03-01,-1.776279296875,NA,NA,NA,NA
1992,4,1992-04-01,-1.267490234375,NA,NA,NA,NA
1992,5,1992-05-01,0.41416015625,NA,NA,NA,NA
1992,6,1992-06-01,0.793183593749999,NA,NA,NA,NA
1992,7,1992-07-01,-1.53490234375,NA,NA,NA,NA
1992,8,1992-08-01,-0.071044921875,NA,NA,NA,NA
1992,9,1992-09-01,0.0816992187499999,NA,NA,NA,NA
1992,10,1992-10-01,-1.486767578125,NA,NA,NA,NA
1992,11,1992-11-01,-1.445068359375,NA,NA,NA,NA
1992,12,1992-12-01,1.37021484375,NA,NA,NA,NA
1993,1,1993-01-01,0.2566796875,NA,NA,NA,NA
1993,2,1993-02-01,-3.851884765625,NA,NA,NA,NA
1993,3,1993-03-01,-0.526279296875,NA,NA,NA,NA
1993,4,1993-04-01,0.492275390625,NA,NA,NA,NA
1993,5,1993-05-01,0.96396484375,NA,NA,NA,NA
1993,6,1993-06-01,0.643769531249999,NA,NA,NA,NA
1993,7,1993-07-01,0.865488281249998,NA,NA,NA,NA
1993,8,1993-08-01,1.348876953125,NA,NA,NA,NA
1993,9,1993-09-01,0.0514257812499999,NA,NA,NA,NA
1993,10,1993-10-01,-2.156689453125,NA,NA,NA,NA
1993,11,1993-11-01,0.354736328125,NA,NA,NA,NA
1993,12,1993-12-01,1.46005859375,NA,NA,NA,NA
1994,1,1994-01-01,-3.693515625,NA,NA,NA,NA
1994,2,1994-02-01,-1.471025390625,NA,NA,NA,NA
1994,3,1994-03-01,0.053798828125,NA,NA,NA,NA
1994,4,1994-04-01,0.622158203125,NA,NA,NA,NA
1994,5,1994-05-01,-0.27529296875,NA,NA,NA,NA
1994,6,1994-06-01,1.60373046875,NA,NA,NA,NA
1994,7,1994-07-01,2.57544921875,NA,NA,NA,NA
1994,8,1994-08-01,0.688720703125,NA,NA,NA,NA
1994,9,1994-09-01,-0.40853515625,NA,NA,NA,NA
1994,10,1994-10-01,0.313037109374999,NA,NA,NA,NA
1994,11,1994-11-01,2.344970703125,NA,NA,NA,NA
1994,12,1994-12-01,2.39072265625,NA,NA,NA,NA
1995,1,1995-01-01,3.0164453125,NA,NA,NA,NA
1995,2,1995-02-01,-0.641923828125,NA,NA,NA,NA
1995,3,1995-03-01,0.584072265625,NA,NA,NA,NA
1995,4,1995-04-01,-0.767490234375,NA,NA,NA,NA
1995,5,1995-05-01,-0.0555664062499996,NA,NA,NA,NA
1995,6,1995-06-01,2.04318359375,NA,NA,NA,NA
1995,7,1995-07-01,1.72583984375,NA,NA,NA,NA
1995,8,1995-08-01,1.438720703125,NA,NA,NA,NA
1995,9,1995-09-01,-0.96810546875,NA,NA,NA,NA
1995,10,1995-10-01,2.692919921875,NA,NA,NA,NA
1995,11,1995-11-01,-1.185302734375,NA,NA,NA,NA
1995,12,1995-12-01,-1.21962890625,NA,NA,NA,NA
1996,1,1996-01-01,-0.0636328124999999,NA,NA,NA,NA
1996,2,1996-02-01,1.038740234375,NA,NA,NA,NA
1996,3,1996-03-01,-0.335849609375,NA,NA,NA,NA
1996,4,1996-04-01,0.412197265625,NA,NA,NA,NA
1996,5,1996-05-01,-0.27529296875,NA,NA,NA,NA
1996,6,1996-06-01,0.673066406249999,NA,NA,NA,NA
1996,7,1996-07-01,-1.08470703125,NA,NA,NA,NA
1996,8,1996-08-01,0.908447265625,NA,NA,NA,NA
1996,9,1996-09-01,-0.31869140625,NA,NA,NA,NA
1996,10,1996-10-01,-1.146923828125,NA,NA,NA,NA
1996,11,1996-11-01,-1.595458984375,NA,NA,NA,NA
1996,12,1996-12-01,4.16025390625,NA,NA,NA,NA
1997,1,1997-01-01,0.0164453125000001,NA,NA,NA,NA
1997,2,1997-02-01,2.798505859375,NA,NA,NA,NA
1997,3,1997-03-01,-1.436435546875,NA,NA,NA,NA
1997,4,1997-04-01,-0.328037109375,NA,NA,NA,NA
1997,5,1997-05-01,-1.23525390625,NA,NA,NA,NA
1997,6,1997-06-01,1.26291015625,NA,NA,NA,NA
1997,7,1997-07-01,1.26587890625,NA,NA,NA,NA
1997,8,1997-08-01,0.738525390625,NA,NA,NA,NA
1997,9,1997-09-01,-0.26888671875,NA,NA,NA,NA
1997,10,1997-10-01,-0.967236328125001,NA,NA,NA,NA
1997,11,1997-11-01,-1.385498046875,NA,NA,NA,NA
1997,12,1997-12-01,1.49033203125,NA,NA,NA,NA
1998,1,1998-01-01,2.2566796875,NA,NA,NA,NA
1998,2,1998-02-01,4.648115234375,1998-02-01,-3.70255009107468,NA,NA
1998,3,1998-03-01,2.084072265625,1998-03-01,0.250441276306855,NA,NA
1998,4,1998-04-01,2.012783203125,1998-04-01,-0.365470085470088,NA,NA
1998,5,1998-05-01,3.22470703125,1998-05-01,0.499195295574136,NA,NA
1998,6,1998-06-01,-0.836699218750001,1998-06-01,-3.64519036519039,NA,NA
1998,7,1998-07-01,1.15552734375,1998-07-01,-1.06936572199733,NA,NA
1998,8,1998-08-01,1.758056640625,1998-08-01,0.782308957679067,NA,NA
1998,9,1998-09-01,0.86099609375,1998-09-01,-0.895214922952126,NA,NA
1998,10,1998-10-01,0.0630371093749993,1998-10-01,-1.45615006150065,NA,NA
1998,11,1998-11-01,0.054931640625,1998-11-01,-1.56647992530345,NA,NA
1998,12,1998-12-01,3.56064453125,1998-12-01,1.20272851296044,NA,NA
1999,1,1999-01-01,1.9363671875,1999-01-01,0.195416666666664,NA,NA
1999,2,1999-02-01,3.428388671875,1999-02-01,1.03154984840378,NA,NA
1999,3,1999-03-01,1.673916015625,1999-03-01,0.362745098039214,NA,NA
1999,4,1999-04-01,1.862392578125,1999-04-01,-0.932444444444447,NA,NA
1999,5,1999-05-01,2.48447265625,1999-05-01,0.237675950883508,NA,NA
1999,6,1999-06-01,3.00314453125,1999-06-01,0.135769708255719,NA,NA
1999,7,1999-07-01,1.97583984375,1999-07-01,-0.380107526881755,NA,NA
1999,8,1999-08-01,1.138916015625,1999-08-01,-1.53639898310155,NA,NA
1999,9,1999-09-01,3.56119140625,1999-09-01,1.09078477078479,NA,NA
1999,10,1999-10-01,-1.486767578125,1999-10-01,-1.94867216117219,NA,NA
1999,11,1999-11-01,2.175048828125,1999-11-01,0.804922644163153,NA,NA
1999,12,1999-12-01,3.17978515625,1999-12-01,0.666487213997308,NA,NA
2000,1,2000-01-01,0.646328125,2000-01-01,-0.453147898908332,NA,NA
2000,2,2000-02-01,2.418623046875,2000-02-01,0.239559386973182,NA,NA
2000,3,2000-03-01,3.374111328125,2000-03-01,1.96460017969452,NA,NA
2000,4,2000-04-01,0.402431640625,2000-04-01,-0.449945609945613,NA,NA
2000,5,2000-05-01,-0.57607421875,2000-05-01,-2.83301971326164,NA,NA
2000,6,2000-06-01,0.993378906249999,2000-06-01,-2.00692701069272,NA,NA
2000,7,2000-07-01,-0.714589843750002,2000-07-01,-3.1036290322581,NA,NA
2000,8,2000-08-01,0.258056640625,2000-08-01,-2.31832437275987,NA,NA
2000,9,2000-09-01,-0.16830078125,2000-09-01,-2.26462110646209,NA,NA
2000,10,2000-10-01,-0.316845703125001,2000-10-01,-1.34903544190223,NA,NA
2000,11,2000-11-01,0.594970703125,2000-11-01,-1.2825,NA,NA
2000,12,2000-12-01,-0.49990234375,2000-12-01,-2.84301075268817,NA,NA
2001,1,2001-01-01,-0.0431249999999999,2001-01-01,-0.307078853046598,NA,NA
2001,2,2001-02-01,0.738935546875,2001-02-01,-1.44900793650793,NA,NA
2001,3,2001-03-01,-0.926669921875,2001-03-01,-1.89180107526882,NA,NA
2001,4,2001-04-01,0.171962890625,2001-04-01,-1.76566078613433,NA,NA
2001,5,2001-05-01,1.88486328125,2001-05-01,-0.392025089605724,NA,NA
2001,6,2001-06-01,2.51291015625,2001-06-01,0.247674238912047,NA,NA
2001,7,2001-07-01,-0.154042968750002,2001-07-01,-2.7286290322581,NA,NA
2001,8,2001-08-01,2.028564453125,2001-08-01,-0.286197098848522,NA,NA
2001,9,2001-09-01,1.91177734375,2001-09-01,-0.654999999999978,NA,NA
2001,10,2001-10-01,1.452685546875,2001-10-01,0.341554357592059,NA,NA
2001,11,2001-11-01,2.114501953125,2001-11-01,0.813472222222225,NA,NA
2001,12,2001-12-01,4.21982421875,2001-12-01,2.84690860215054,NA,NA
2002,1,2002-01-01,3.556484375,2002-01-01,2.94896953405018,NA,NA
2002,2,2002-02-01,2.978193359375,2002-02-01,0.894593253968256,NA,NA
2002,3,2002-03-01,1.034267578125,2002-03-01,-0.363978494623657,NA,NA
2002,4,2002-04-01,1.222744140625,2002-04-01,-1.9240921032298,NA,NA
2002,5,2002-05-01,-0.43544921875,2002-05-01,-2.58078766097633,NA,NA
2002,6,2002-06-01,-0.206816406250001,2002-06-01,-3.05532310553233,NA,NA
2002,7,2002-07-01,0.845957031249998,2002-07-01,-1.69771505376347,NA,NA
2002,8,2002-08-01,2.358642578125,2002-08-01,-0.233378136200727,NA,NA
2002,9,2002-09-01,2.22134765625,2002-09-01,0.0637500000000237,NA,NA
2002,10,2002-10-01,-1.606884765625,2002-10-01,-2.65147849462369,NA,NA
2002,11,2002-11-01,-0.855224609375,2002-11-01,-2.17549976754997,NA,NA
2002,12,2002-12-01,0.75009765625,2002-12-01,-0.864784946236559,NA,NA
2003,1,2003-01-01,-3.033359375,2003-01-01,-3.21758884390464,NA,NA
2003,2,2003-02-01,-1.331376953125,2003-02-01,-3.83635912698412,NA,NA
2003,3,2003-03-01,-0.705966796875,2003-03-01,-1.96478494623656,NA,NA
2003,4,2003-04-01,-1.127841796875,2003-04-01,-3.2904342450935,NA,NA
2003,5,2003-05-01,-0.31533203125,2003-05-01,-3.10854006916252,NA,NA
2003,6,2003-06-01,0.993378906249999,2003-06-01,-3.86694444444447,NA,NA
2003,7,2003-07-01,0.455332031249998,2003-07-01,-4.15147849462369,NA,NA
2003,8,2003-08-01,1.688720703125,2003-08-01,-2.25829589697515,NA,NA
2003,9,2003-09-01,2.29166015625,2003-09-01,-0.218991885143549,NA,NA
2003,10,2003-10-01,0.0327636718749993,2003-10-01,-1.00758187528043,NA,NA
2003,11,2003-11-01,0.915283203125,2003-11-01,-0.467499999999998,NA,NA
2003,12,2003-12-01,2.94052734375,2003-12-01,0.737634408602151,NA,NA
2004,1,2004-01-01,-4.5733984375,2004-01-01,-6.34858858858859,NA,NA
2004,2,2004-02-01,1.658857421875,2004-02-01,-0.974740207833731,NA,NA
2004,3,2004-03-01,0.173916015625,2004-03-01,-1.20604838709678,NA,NA
2004,4,2004-04-01,0.742275390625,2004-04-01,-1.64662339669294,NA,NA
2004,5,2004-05-01,0.98447265625,2004-05-01,-2.03758960573476,NA,NA
2004,6,2004-06-01,-0.777128906250001,2004-06-01,-3.36861111111113,NA,NA
2004,7,2004-07-01,-0.744863281250002,2004-07-01,-3.09919354838713,NA,NA
2004,8,2004-08-01,0.838134765625,2004-08-01,-1.82087813620073,NA,NA
2004,9,2004-09-01,0.64126953125,2004-09-01,-1.57458333333331,NA,NA
2004,10,2004-10-01,0.433154296874999,2004-10-01,-0.881048387096808,NA,NA
2004,11,2004-11-01,-0.084716796875,2004-11-01,-1.70172013017201,NA,NA
2004,12,2004-12-01,0.71982421875,2004-12-01,-0.983670715249663,NA,NA
2005,1,2005-01-01,-1.70328125,2005-01-01,-2.71756272401434,NA,NA
2005,2,2005-02-01,1.578779296875,2005-02-01,-0.158234126984125,NA,NA
2005,3,2005-03-01,-0.276279296875,2005-03-01,-1.62405913978495,NA,NA
2005,4,2005-04-01,1.582119140625,2005-04-01,-0.501421727708239,NA,NA
2005,5,2005-05-01,-2.41591796875,2005-05-01,-4.25452508960572,NA,NA
2005,6,2005-06-01,1.24337890625,2005-06-01,-1.46632526381132,NA,NA
2005,7,2005-07-01,0.565683593749998,2005-07-01,-1.56842818428188,NA,NA
2005,8,2005-08-01,1.848876953125,2005-08-01,-0.73418458781363,NA,NA
2005,9,2005-09-01,2.57193359375,2005-09-01,0.243055555555578,NA,NA
2005,10,2005-10-01,0.692919921874999,2005-10-01,-0.399462365591431,NA,NA
2005,11,2005-11-01,1.854736328125,2005-11-01,0.219583333333336,NA,NA
2005,12,2005-12-01,1.25986328125,2005-12-01,-0.965456989247312,NA,NA
2006,1,2006-01-01,5.126796875,2006-01-01,4.08943089430894,NA,NA
2006,2,2006-02-01,1.478193359375,2006-02-01,-1.00281923714759,NA,NA
2006,3,2006-03-01,1.454189453125,2006-03-01,-0.154301075268819,NA,NA
2006,4,2006-04-01,2.102626953125,2006-04-01,-0.242450934940506,NA,NA
2006,5,2006-05-01,1.48447265625,2006-05-01,-0.776428250112449,NA,NA
2006,6,2006-06-01,1.28341796875,2006-06-01,-1.48933766635719,NA,NA
2006,7,2006-07-01,2.18580078125,2006-07-01,0.036336336336305,NA,NA
2006,8,2006-08-01,0.018798828125,2006-08-01,-2.69551947075629,NA,NA
2006,9,2006-09-01,0.93130859375,2006-09-01,-1.44249999999998,NA,NA
2006,10,2006-10-01,0.0825683593749993,2006-10-01,-1.04577114427864,NA,NA
2006,11,2006-11-01,2.885009765625,2006-11-01,1.84769303201507,NA,NA
2006,12,2006-12-01,4.54013671875,2006-12-01,2.22732166890983,NA,NA
2007,1,2007-01-01,1.7762109375,2007-01-01,0.621145506206068,NA,NA
2007,2,2007-02-01,-1.711259765625,2007-02-01,-4.02951388888889,NA,NA
2007,3,2007-03-01,0.063564453125,2007-03-01,-1.03490354419022,NA,NA
2007,4,2007-04-01,-0.297763671875,2007-04-01,-2.51041083099907,NA,NA
2007,5,2007-05-01,0.77451171875,2007-05-01,-0.78866487455196,NA,NA
2007,6,2007-06-01,0.913300781249999,2007-06-01,-1.30215103683073,NA,NA
2007,7,2007-07-01,0.135996093749998,2007-07-01,-1.25349462365595,NA,NA
2007,8,2007-08-01,0.768798828125,2007-08-01,-0.86802751607598,NA,NA
2007,9,2007-09-01,1.84146484375,2007-09-01,-0.119027777777756,NA,NA
2007,10,2007-10-01,2.522998046875,2007-10-01,1.38736559139782,NA,NA
2007,11,2007-11-01,-0.635498046875,2007-11-01,-1.5102503912363,NA,NA
2007,12,2007-12-01,-0.39931640625,2007-12-01,-2.3243537414966,NA,NA
2008,1,2008-01-01,2.7566796875,2008-01-01,1.71469534050179,NA,NA
2008,2,2008-02-01,2.338544921875,2008-02-01,-0.250526819923369,NA,NA
2008,3,2008-03-01,-0.846591796875,2008-03-01,-1.88751135331517,NA,NA
2008,4,2008-04-01,1.822353515625,2008-04-01,-0.449861111111113,NA,NA
2008,5,2008-05-01,0.48447265625,2008-05-01,-2.04417562724013,NA,NA
2008,6,2008-06-01,1.12326171875,2008-06-01,-1.79685855772209,NA,NA
2008,7,2008-07-01,1.76587890625,2008-07-01,-0.64580529385378,NA,NA
2008,8,2008-08-01,-0.451904296875,2008-08-01,-3.37543780193238,NA,NA
2008,9,2008-09-01,0.21158203125,2008-09-01,-1.67916666666664,NA,NA
2008,10,2008-10-01,-0.366650390625001,2008-10-01,-1.62384823848242,NA,NA
2008,11,2008-11-01,0.614501953125,2008-11-01,-0.882981715893106,NA,NA
2008,12,2008-12-01,1.98056640625,2008-12-01,-0.821997300944669,NA,NA
2009,1,2009-01-01,-2.0636328125,2009-01-01,-3.26151433691757,NA,NA
2009,2,2009-02-01,1.838544921875,2009-02-01,-0.512549603174601,2009-02-01,1.12236900409882
2009,3,2009-03-01,0.263759765625,2009-03-01,-1.58499772001824,2009-03-01,-1.18023784782358
2009,4,2009-04-01,1.682705078125,2009-04-01,-0.271371092541012,2009-04-01,-1.11154025994611
2009,5,2009-05-01,1.40439453125,2009-05-01,-1.49377240143368,2009-05-01,-3.61784062525178
2009,6,2009-06-01,-0.766386718750001,2009-06-01,-3.4027777777778,2009-06-01,-5.24236126537499
2009,7,2009-07-01,-1.59447265625,2009-07-01,-3.68669354838713,2009-07-01,-5.47293776371311
2009,8,2009-08-01,1.748291015625,2009-08-01,-0.852329749103955,2009-08-01,-3.20015181355655
2009,9,2009-09-01,-0.61849609375,2009-09-01,-1.45106532840287,2009-09-01,-2.5155423089274
2009,10,2009-10-01,-1.707470703125,2009-10-01,-3.0922043010753,2009-10-01,-1.04318941146238
2009,11,2009-11-01,3.364501953125,2009-11-01,1.50333333333334,NA,NA
2009,12,2009-12-01,1.46982421875,2009-12-01,-1.19663526244953,NA,NA
2010,1,2010-01-01,2.7762109375,2010-01-01,1.07767309705398,NA,NA
2010,2,2010-02-01,3.598310546875,2010-02-01,0.823611111111113,NA,NA
2010,3,2010-03-01,4.463955078125,2010-03-01,2.59322566173172,2010-03-01,2.68035747446611
2010,4,2010-04-01,3.612392578125,2010-04-01,1.44208333333333,2010-04-01,0.363142166042445
2010,5,2010-05-01,2.94443359375,2010-05-01,0.509856630824384,2010-05-01,-1.24168789553792
2010,6,2010-06-01,1.15353515625,2010-06-01,-1.49170535437947,2010-06-01,-3.03338132807366
2010,7,2010-07-01,2.01587890625,2010-07-01,0.356078959174486,2010-07-01,-3.01951582867787
2010,8,2010-08-01,1.788330078125,2010-08-01,0.849593495934947,2010-08-01,-3.13164278770974
2010,9,2010-09-01,1.76138671875,2010-09-01,-0.0444271911662995,2010-09-01,-1.24751151410476
2010,10,2010-10-01,0.652880859374999,2010-10-01,-1.14176760879321,2010-10-01,-0.387124981812924
2010,11,2010-11-01,0.844970703125,2010-11-01,-0.566388888888886,2010-11-01,0.935179601059688
2010,12,2010-12-01,1.15048828125,2010-12-01,-0.712382234185733,2010-12-01,1.23529553264605
2011,1,2011-01-01,0.8269921875,2011-01-01,-0.416084229390684,2011-01-01,1.57220512820513
2011,2,2011-02-01,0.838544921875,2011-02-01,-1.24647817460317,2011-02-01,0.699144023472384
2011,3,2011-03-01,0.693447265625,2011-03-01,-0.698429789143115,2011-03-01,0.505871926815322
2011,4,2011-04-01,1.282314453125,2011-04-01,-0.979444444444447,2011-04-01,-0.914555128354502
2011,5,2011-05-01,0.29404296875,2011-05-01,-1.8968446238971,2011-05-01,-3.05875201559979
2011,6,2011-06-01,-0.396269531250001,2011-06-01,-2.88986111111113,2011-06-01,-4.41755113900514
2011,7,2011-07-01,2.01587890625,2011-07-01,-0.059274193548422,2011-07-01,-2.81719120135367
2011,8,2011-08-01,0.768798828125,2011-08-01,-1.99534050179212,2011-08-01,-3.70914792092707
2011,9,2011-09-01,2.10123046875,2011-09-01,-0.215694444444424,2011-09-01,-0.902751470133063
2011,10,2011-10-01,1.292529296875,2011-10-01,0.0489247311827619,2011-10-01,1.29501311438017
2011,11,2011-11-01,3.024658203125,2011-11-01,2.00819444444445,2011-11-01,3.33730158730159
2011,12,2011-12-01,3.87021484375,2011-12-01,2.17809139784946,2011-12-01,3.7058064516129
2012,1,2012-01-01,2.81625,2012-01-01,1.6877673097054,2012-01-01,4.4793662723266
2012,2,2012-02-01,3.288740234375,2012-02-01,1.31139846743295,2012-02-01,2.93742449731635
2012,3,2012-03-01,4.003994140625,2012-03-01,2.69887842081651,2012-03-01,2.7176767334012
2012,4,2012-04-01,2.192470703125,2012-04-01,-0.152500000000003,2012-04-01,-0.272069488166028
2012,5,2012-05-01,2.02451171875,2012-05-01,-0.541487455197121,2012-05-01,-2.06939571836718
2012,6,2012-06-01,-0.146269531250001,2012-06-01,-2.72888888888891,2012-06-01,-3.88773933472158
2012,7,2012-07-01,2.05591796875,2012-07-01,-0.389516129032291,2012-07-01,-2.42356261022931
2012,8,2012-08-01,2.528564453125,2012-08-01,-0.234856630824385,2012-08-01,-1.95827357881138
2012,9,2012-09-01,0.76138671875,2012-09-01,-1.22486478133207,2012-09-01,-1.29603916477332
2012,10,2012-10-01,1.752490234375,2012-10-01,0.572304916553868,2012-10-01,1.66666315419737
2012,11,2012-11-01,0.175048828125,2012-11-01,-1.82513888888889,2012-11-01,-0.16810580535223
2012,12,2012-12-01,2.96005859375,2012-12-01,0.906854838709677,2012-12-01,2.6735970464135
2013,1,2013-01-01,1.5164453125,2013-01-01,0.420317460317458,2013-01-01,2.70892141468521
2013,2,2013-02-01,2.528974609375,2013-02-01,-0.345760453106778,2013-02-01,-2.05390736634639
2013,3,2013-03-01,1.294033203125,2013-03-01,-0.259765448804692,2013-03-01,0.262680049903594
2013,4,2013-04-01,0.892666015625,2013-04-01,-1.58251315382235,2013-04-01,-1.47815823152996
2013,5,2013-05-01,0.59482421875,2013-05-01,-1.68150142066695,2013-05-01,-3.04666516058585
2013,6,2013-06-01,1.12326171875,2013-06-01,-1.4566373048988,2013-06-01,-3.51007185292231
2013,7,2013-07-01,2.30591796875,2013-07-01,-0.136653207716499,2013-07-01,-2.47014147688064
2013,8,2013-08-01,0.748291015625,2013-08-01,-1.7582024824286,2013-08-01,-3.26989959552701
2013,9,2013-09-01,0.84146484375,2013-09-01,-1.64513888888887,2013-09-01,-1.64985902947211
2013,10,2013-10-01,1.422412109375,2013-10-01,-0.121848362494426,2013-10-01,1.58862084609274
2013,11,2013-11-01,0.104736328125,2013-11-01,-1.98953793849482,2013-11-01,0.140202864885794
2013,12,2013-12-01,-0.68935546875,2013-12-01,-2.75537634408602,2013-12-01,-0.246767020184742
2014,1,2014-01-01,0.947109375,2014-01-01,-0.795580281254832,2014-01-01,2.04874501227747
2014,2,2014-02-01,0.738935546875,2014-02-01,-1.28115079365079,2014-02-01,0.91718433686159
2014,3,2014-03-01,-2.526279296875,2014-03-01,-3.11969493046209,2014-03-01,-1.95319743589744
2014,4,2014-04-01,0.452236328125,2014-04-01,-1.07513888888889,2014-04-01,-1.62733418713859
2014,5,2014-05-01,0.25400390625,2014-05-01,-1.0350358422939,2014-05-01,-3.07644016949787
2014,6,2014-06-01,1.24337890625,2014-06-01,-0.172916666666687,2014-06-01,-2.84386473429954
2014,7,2014-07-01,1.55591796875,2014-07-01,-1.10090579710148,2014-07-01,-4.08571721311479
2014,8,2014-08-01,1.028564453125,2014-08-01,-2.22074372759858,2014-08-01,-3.44596188676275
2014,9,2014-09-01,0.97134765625,2014-09-01,-1.27694444444442,2014-09-01,-1.30169041825974
2014,10,2014-10-01,2.372607421875,2014-10-01,0.729003157419903,2014-10-01,2.00810636856365
2014,11,2014-11-01,-1.114990234375,2014-11-01,-1.68306138306138,2014-11-01,0.944929676511958
2014,12,2014-12-01,3.82041015625,2014-12-01,1.50779569892473,2014-12-01,3.71108994708995
2015,1,2015-01-01,-1.2530859375,2015-01-01,-1.53799283154122,2015-01-01,1.06443395519592
2015,2,2015-02-01,-6.481767578125,2015-02-01,-7.94484126984127,2015-02-01,-5.22012694868296
2015,3,2015-03-01,-3.236240234375,2015-03-01,-3.50610139075819,2015-03-01,-1.37493446687921
2015,4,2015-04-01,-0.107333984375,2015-04-01,-2.05888888888889,2015-04-01,-1.85282066555476
2015,5,2015-05-01,2.61435546875,2015-05-01,-0.140625935908943,2015-05-01,-2.7510723923501
2015,6,2015-06-01,-0.966582031250001,2015-06-01,-3.50434245093496,2015-06-01,-4.44949266101238
2015,7,2015-07-01,0.0959570312499984,2015-07-01,-1.88037634408606,2015-07-01,-3.93516267222418
2015,8,2015-08-01,2.468017578125,2015-08-01,-0.364560931899653,2015-08-01,-2.4821933571951
2015,9,2015-09-01,3.69107421875,2015-09-01,1.47930555555558,2015-09-01,0.477226053639868
2015,10,2015-10-01,-0.677197265625001,2015-10-01,-2.40310391363026,2015-10-01,-0.125947465014946
2015,11,2015-11-01,1.665283203125,2015-11-01,-1.27388888888889,2015-11-01,2.26316883923029
2015,12,2015-12-01,5.92978515625,2015-12-01,3.34517482517483,2015-12-01,6.18687669376694
2016,1,2016-01-01,3.0769921875,2016-01-01,1.57262983091787,2016-01-01,4.31082703089137
2016,2,2016-02-01,3.548505859375,2016-02-01,1.25766283524904,2016-02-01,2.59587438227324
2016,3,2016-03-01,2.063564453125,2016-03-01,0.00641543292956348,2016-03-01,5.67197530864197
2016,4,2016-04-01,0.102626953125,2016-04-01,-1.87458333333334,2016-04-01,-1.30946481934257
2016,5,2016-05-01,1.22470703125,2016-05-01,-1.31527777777777,2016-05-01,-2.24758612822267
2016,6,2016-06-01,0.373261718749999,2016-06-01,-2.35333333333335,2016-06-01,-3.78631487286662
2016,7,2016-07-01,1.74537109375,2016-07-01,-0.797715053763476,2016-07-01,-2.78506055461237
2016,8,2016-08-01,2.618408203125,2016-08-01,-0.271818996415782,2016-08-01,-1.91419170579031
2016,9,2016-09-01,2.32193359375,2016-09-01,-0.160416666666645,2016-09-01,-0.231702515211387
2016,10,2016-10-01,1.013232421875,2016-10-01,-0.364234234234267,2016-10-01,1.05958375749346
2016,11,2016-11-01,1.944580078125,2016-11-01,0.200232450023248,2016-11-01,2.18593586334703
2016,12,2016-12-01,0.66025390625,2016-12-01,-0.887365591397849,2016-12-01,1.79630893736805
2017,1,2017-01-01,4.486171875,2017-01-01,3.14789426523297,2017-01-01,5.39783699059561
2017,2,2017-02-01,2.458662109375,2017-02-01,0.875694444444447,2017-02-01,2.60009101251422
2017,3,2017-03-01,-2.036044921875,2017-03-01,-3.51133603238867,2017-03-01,-1.86040781934614
2017,4,2017-04-01,2.292080078125,2017-04-01,0.0283333333333307,2017-04-01,-0.575401578161657
2017,5,2017-05-01,0.16416015625,2017-05-01,-2.22051971326164,2017-05-01,-2.95157573624309
2017,6,2017-06-01,1.08322265625,2017-06-01,-1.55496832019783,2017-06-01,-3.89461367338023
2017,7,2017-07-01,0.335214843749998,2017-07-01,-1.98387096774197,2017-07-01,-4.07980742296922
2017,8,2017-08-01,0.808837890625,2017-08-01,-1.80972222222223,2017-08-01,-3.11817727840201
2017,9,2017-09-01,3.53189453125,2017-09-01,0.480854700854724,2017-09-01,-0.389256240648848
2017,10,2017-10-01,4.152880859375,2017-10-01,2.87801120448176,2017-10-01,3.55174343227564
2017,11,2017-11-01,0.064697265625,2017-11-01,-1.45963529593571,2017-11-01,0.780497137109257
2017,12,2017-12-01,-1.85927734375,2017-12-01,-3.89543010752688,2017-12-01,-1.22874501269496
2018,1,2018-01-01,0.6668359375,2018-01-01,-0.449417562724017,2018-01-01,1.89866591970121
2018,2,2018-02-01,4.008466796875,2018-02-01,2.3343253968254,2018-02-01,4.31585512995331
2018,3,2018-03-01,0.914150390625,2018-03-01,-0.901659937191567,2018-03-01,0.853333333333332
2018,4,2018-04-01,-0.197177734375,2018-04-01,-2.60388888888889,2018-04-01,-2.04060790036972
2018,5,2018-05-01,2.24423828125,2018-05-01,-0.2536111111111,2018-05-01,-1.95368748585652
2018,6,2018-06-01,0.173066406249999,2018-06-01,-2.40013888888891,2018-06-01,-3.80162474533774
2018,7,2018-07-01,1.95533203125,2018-07-01,-0.146209062359837,2018-07-01,-2.99120834774591
2018,8,2018-08-01,3.098876953125,2018-08-01,0.308019713261636,2018-08-01,-1.20105196166518
2018,9,2018-09-01,1.64126953125,2018-09-01,-0.344166666666645,2018-09-01,-0.346389183665426
2018,10,2018-10-01,-1.217236328125,2018-10-01,-2.86571428571432,2018-10-01,-0.541624930439655
2018,11,2018-11-01,-2.044677734375,2018-11-01,-3.2575,2018-11-01,-0.449611271213574
2018,12,2018-12-01,0.64072265625,2018-12-01,-1.50672043010753,2018-12-01,0.949853492333901
2019,1,2019-01-01,0.876796875,2019-01-01,-0.433901600119638,2019-01-01,3.48869873228933
2019,2,2019-02-01,0.598310546875,2019-02-01,-1.69246031746032,2019-02-01,0.509927031509123
2019,3,2019-03-01,-0.986240234375,2019-03-01,-1.68079856437865,2019-03-01,-0.0791226756520667
2019,4,2019-04-01,0.642666015625,2019-04-01,-1.81902777777778,2019-04-01,-1.32034241788959
2019,5,2019-05-01,-0.85537109375,2019-05-01,-3.7788138138138,2019-05-01,-4.56135665433343
2019,6,2019-06-01,0.213105468749999,2019-06-01,-2.5227777777778,2019-06-01,-4.52941376249472
2019,7,2019-07-01,2.08521484375,2019-07-01,0.111290322580611,2019-07-01,-2.93751372549023
2019,8,2019-08-01,1.208251953125,2019-08-01,-1.49332437275987,2019-08-01,-3.15339836114871
2019,9,2019-09-01,0.68130859375,2019-09-01,-1.77708823068482,2019-09-01,-1.795379568523
2019,10,2019-10-01,0.902880859374999,2019-10-01,-0.44435483870971,2019-10-01,0.803276055705268
2019,11,2019-11-01,-1.624755859375,2019-11-01,-3.8745514147688,2019-11-01,-1.38276418026418
2019,12,2019-12-01,1.67001953125,2019-12-01,-0.374865591397849,2019-12-01,1.35767457627119
2020,1,2020-01-01,3.456875,2020-01-01,2.13001792114695,2020-01-01,3.89552528310348
2020,2,2020-02-01,2.758466796875,2020-02-01,0.913997113997116,2020-02-01,2.44628319294023
2020,3,2020-03-01,2.323330078125,2020-03-01,0.640243902439023,2020-03-01,1.47458754776354
2020,4,2020-04-01,-0.0878027343749999,2020-04-01,-2.66268949527377,2020-04-01,-1.9558731816775
2020,5,2020-05-01,0.62412109375,2020-05-01,-1.83342293906809,2020-05-01,-3.44357073426049
2020,6,2020-06-01,1.61349609375,2020-06-01,-0.92791666666669,2020-06-01,-3.81189481017069
2020,7,2020-07-01,1.84595703125,2020-07-01,-0.866129032258097,2020-07-01,-3.39400112612616
2020,8,2020-08-01,1.958251953125,2020-08-01,-0.781093189964167,2020-08-01,-2.63571717171718
2020,9,2020-09-01,1.22134765625,2020-09-01,-1.04930555555553,2020-09-01,-1.6390828493999
2020,10,2020-10-01,0.232958984374999,2020-10-01,-1.01115591397853,2020-10-01,-0.155731171901417
2020,11,2020-11-01,2.295166015625,2020-11-01,1.24055555555556,2020-11-01,2.26235357749962
2020,12,2020-12-01,4.08017578125,2020-12-01,1.63991935483871,2020-12-01,3.37834791386272
2021,1,2021-01-01,3.9266015625,2021-01-01,1.7046146953405,2021-01-01,3.29434537161657
2021,2,2021-02-01,1.748701171875,2021-02-01,-0.403769841269839,2021-02-01,0.807220629068234
2021,3,2021-03-01,1.483486328125,2021-03-01,0.329559748427672,2021-03-01,1.05384361814346
2021,4,2021-04-01,2.822353515625,2021-04-01,0.150555555555553,2021-04-01,-0.23494351593934
2021,5,2021-05-01,1.82431640625,2021-05-01,-1.09310035842293,2021-05-01,-2.16470745381344
2021,6,2021-06-01,3.52365234375,2021-06-01,1.23666666666664,2021-06-01,-2.1969699783349
2021,7,2021-07-01,-0.364003906250002,2021-07-01,-2.87688172043014,2021-07-01,-4.09004822790492
2021,8,2021-08-01,2.718017578125,2021-08-01,-0.385394265232986,2021-08-01,-2.43132733745551
2021,9,2021-09-01,2.59146484375,2021-09-01,-0.220550913029999,2021-09-01,-0.161549982584443
2021,10,2021-10-01,3.082568359375,2021-10-01,0.953905540417768,2021-10-01,2.05198854061338
2021,11,2021-11-01,1.245361328125,2021-11-01,-0.671388888888886,2021-11-01,1.34678785071977
2021,12,2021-12-01,2.92978515625,2021-12-01,0.805376344086022,2021-12-01,2.66822569680489
2022,1,2022-01-01,-0.802890625,2022-01-01,-1.22441756272402,2022-01-01,0.627823713242213
2022,2,2022-02-01,2.548505859375,2022-02-01,-0.071031746031744,2022-02-01,1.28277218285051
2022,3,2022-03-01,1.643642578125,2022-03-01,0.568595782862269,2022-03-01,1.05610641415849
2022,4,2022-04-01,1.822353515625,2022-04-01,-0.690681003584232,2022-04-01,-0.566792063492066
2022,5,2022-05-01,2.15439453125,2022-05-01,-0.427374551971315,2022-05-01,-2.24310906890552
2022,6,2022-06-01,0.413300781249999,2022-06-01,-2.17375000000002,2022-06-01,-3.75892226990942
2022,7,2022-07-01,2.30591796875,2022-07-01,0.353629032258031,2022-07-01,-2.60406267613576
2022,8,2022-08-01,2.858642578125,2022-08-01,-0.156496415770622,2022-08-01,-2.0990572957599
2022,9,2022-09-01,1.35123046875,2022-09-01,-1.22069444444442,2022-09-01,-1.07048248178025
2022,10,2022-10-01,2.183154296875,2022-10-01,1.34166666666663,2022-10-01,1.85848305918737
2022,11,2022-11-01,2.484619140625,2022-11-01,0.985972222222225,2022-11-01,2.39290654092613
2022,12,2022-12-01,4.40048828125,2022-12-01,1.83782608695652,2022-12-01,3.37950093283582
2023,1,2023-01-01,5.9070703125,2023-01-01,4.21003064021932,2023-01-01,5.62979634621144
2023,2,2023-02-01,2.008466796875,2023-02-01,-0.365036593479705,2023-02-01,1.10024230354328
2023,3,2023-03-01,2.023525390625,2023-03-01,0.447734410049348,2023-03-01,1.4612287802136
2023,4,2023-04-01,1.682705078125,2023-04-01,-0.414166666666669,2023-04-01,-0.649436892451883
2023,5,2023-05-01,1.07431640625,2023-05-01,-0.873073476702498,2023-05-01,-2.05188008244331
2023,6,2023-06-01,-0.266386718750001,2023-06-01,-3.3451417945142,2023-06-01,-5.54516711204061
2023,7,2023-07-01,2.54517578125,2023-07-01,-0.0986559139785292,2023-07-01,-3.55199370645092
2023,8,2023-08-01,0.618408203125,2023-08-01,-2.32114695340503,2023-08-01,-3.31101153039833
2023,9,2023-09-01,3.30142578125,2023-09-01,0.480416666666688,2023-09-01,-0.340364872475639
2023,10,2023-10-01,3.772998046875,2023-10-01,1.82267759562838,2023-10-01,2.10033501967394
2023,11,2023-11-01,-0.864990234375,2023-11-01,-2.41180555555555,2023-11-01,-0.545695796631121
2023,12,2023-12-01,4.79990234375,2023-12-01,2.0711724137931,2023-12-01,3.24526296958855
2024,1,2024-01-01,3.47640625,2024-01-01,1.08716787439613,2024-01-01,2.83023615950445
2024,2,2024-02-01,4.288740234375,2024-02-01,1.15360511590728,2024-02-01,2.41339571150098
2024,3,2024-03-01,2.943447265625,2024-03-01,1.04224021592443,2024-03-01,2.19634559252773
2024,4,2024-04-01,1.162197265625,2024-04-01,-1.1988084184463,2024-04-01,-0.353016336687225
2024,5,2024-05-01,2.47470703125,2024-05-01,-0.277732914610427,2024-05-01,-2.15639769236531
2024,6,2024-06-01,2.37326171875,2024-06-01,-0.478055555555578,2024-06-01,-3.15004605208074
2024,7,2024-07-01,2.42505859375,2024-07-01,0.284208165096423,2024-07-01,-3.28167533217797
2024,8,2024-08-01,1.408447265625,2024-08-01,-1.39587813620073,2024-08-01,-3.21836805555557
