"year","month","noaa.year.month","noaa.anom","mcfarland.year.month","mcfarland.anom"
1895,1,1895-01-01,-0.377554086538462,NA,NA
1895,2,1895-02-01,-1.87365534855769,NA,NA
1895,3,1895-03-01,-2.29956430288462,NA,NA
1895,4,1895-04-01,-0.316586538461539,NA,NA
1895,5,1895-05-01,0.594689002403847,NA,NA
1895,6,1895-06-01,-0.0950120192307686,NA,NA
1895,7,1895-07-01,-1.92584885817308,NA,NA
1895,8,1895-08-01,-0.816548978365386,NA,NA
1895,9,1895-09-01,0.176447432170542,NA,NA
1895,10,1895-10-01,-2.76078003875969,NA,NA
1895,11,1895-11-01,-0.0764065528100777,NA,NA
1895,12,1895-12-01,0.579154554263566,NA,NA
1896,1,1896-01-01,-2.41759314903846,NA,NA
1896,2,1896-02-01,-1.10412409855769,NA,NA
1896,3,1896-03-01,-2.33960336538462,NA,NA
1896,4,1896-04-01,-0.356625600961539,NA,NA
1896,5,1896-05-01,-0.715857872596153,NA,NA
1896,6,1896-06-01,-1.18485576923077,NA,NA
1896,7,1896-07-01,-0.685614483173076,NA,NA
1896,8,1896-08-01,-1.68666616586539,NA,NA
1896,9,1896-09-01,-1.56378694282946,NA,NA
1896,10,1896-10-01,-2.14163941375969,NA,NA
1896,11,1896-11-01,-0.236562802810078,NA,NA
1896,12,1896-12-01,-2.58100169573643,NA,NA
1897,1,1897-01-01,-0.787710336538462,NA,NA
1897,2,1897-02-01,0.515993088942308,NA,NA
1897,3,1897-03-01,-0.619876802884615,NA,NA
1897,4,1897-04-01,-0.417172475961539,NA,NA
1897,5,1897-05-01,-1.60550631009615,NA,NA
1897,6,1897-06-01,-2.94462139423077,NA,NA
1897,7,1897-07-01,-1.41510667067308,NA,NA
1897,8,1897-08-01,-0.906392728365386,NA,NA
1897,9,1897-09-01,-0.472966630329458,NA,NA
1897,10,1897-10-01,-0.151405038759689,NA,NA
1897,11,1897-11-01,-1.51683624031008,NA,NA
1897,12,1897-12-01,-0.610298570736434,NA,NA
1898,1,1898-01-01,-2.60704627403846,NA,NA
1898,2,1898-02-01,1.82556340144231,NA,NA
1898,3,1898-03-01,2.02074819711538,NA,NA
1898,4,1898-04-01,-1.45721153846154,NA,NA
1898,5,1898-05-01,-0.565467247596153,NA,NA
1898,6,1898-06-01,-0.784465144230769,NA,NA
1898,7,1898-07-01,-0.605536358173076,NA,NA
1898,8,1898-08-01,0.343607271634614,NA,NA
1898,9,1898-09-01,0.576838057170542,NA,NA
1898,10,1898-10-01,-0.751014413759689,NA,NA
1898,11,1898-11-01,0.0232028221899223,NA,NA
1898,12,1898-12-01,-1.50092357073643,NA,NA
1899,1,1899-01-01,-0.667593149038462,NA,NA
1899,2,1899-02-01,-1.82385066105769,NA,NA
1899,3,1899-03-01,-2.29956430288462,NA,NA
1899,4,1899-04-01,0.0632962740384615,NA,NA
1899,5,1899-05-01,-1.27542818509615,NA,NA
1899,6,1899-06-01,0.265339543269231,NA,NA
1899,7,1899-07-01,-1.09577073317308,NA,NA
1899,8,1899-08-01,-1.88686147836539,NA,NA
1899,9,1899-09-01,-1.64386506782946,NA,NA
1899,10,1899-10-01,-0.401405038759689,NA,NA
1899,11,1899-11-01,-1.57640655281008,NA,NA
1899,12,1899-12-01,1.05962330426357,NA,NA
1900,1,1900-01-01,0.142953725961538,NA,NA
1900,2,1900-02-01,-0.554319411057692,NA,NA
1900,3,1900-03-01,-1.90991586538462,NA,NA
1900,4,1900-04-01,0.752749399038461,NA,NA
1900,5,1900-05-01,-2.60550631009615,NA,NA
1900,6,1900-06-01,0.295612980769231,NA,NA
1900,7,1900-07-01,-0.215887920673076,NA,NA
1900,8,1900-08-01,0.343607271634614,NA,NA
1900,9,1900-09-01,0.426447432170542,NA,NA
1900,10,1900-10-01,1.45894652374031,NA,NA
1900,11,1900-11-01,-0.0363674903100777,NA,NA
1900,12,1900-12-01,-1.94037669573643,NA,NA
1901,1,1901-01-01,-2.03771033653846,NA,NA
1901,2,1901-02-01,-3.31408503605769,NA,NA
1901,3,1901-03-01,-1.23999399038462,NA,NA
1901,4,1901-04-01,0.0730618990384615,NA,NA
1901,5,1901-05-01,-1.19535006009615,NA,NA
1901,6,1901-06-01,-0.624308894230769,NA,NA
1901,7,1901-07-01,-0.294989483173076,NA,NA
1901,8,1901-08-01,-0.706197415865386,NA,NA
1901,9,1901-09-01,0.366877119670542,NA,NA
1901,10,1901-10-01,-0.701209726259689,NA,NA
1901,11,1901-11-01,-3.30687530281008,NA,NA
1901,12,1901-12-01,-0.0409626332364339,NA,NA
1902,1,1902-01-01,-0.847280649038462,NA,NA
1902,2,1902-02-01,0.695680588942308,NA,NA
1902,3,1902-03-01,3.08031850961538,NA,NA
1902,4,1902-04-01,0.492983774038461,NA,NA
1902,5,1902-05-01,-1.13577974759615,NA,NA
1902,6,1902-06-01,-2.13505108173077,NA,NA
1902,7,1902-07-01,-1.55573167067308,NA,NA
1902,8,1902-08-01,-1.64662710336539,NA,NA
1902,9,1902-09-01,-0.243474442829458,NA,NA
1902,10,1902-10-01,-0.891639413759689,NA,NA
1902,11,1902-11-01,0.583749697189922,NA,NA
1902,12,1902-12-01,-3.02045482073643,NA,NA
1903,1,1903-01-01,-0.547475961538462,NA,NA
1903,2,1903-02-01,0.626344651442308,NA,NA
1903,3,1903-03-01,2.84008413461538,NA,NA
1903,4,1903-04-01,-0.287289663461539,NA,NA
1903,5,1903-05-01,-0.375037560096153,NA,NA
1903,6,1903-06-01,-2.96415264423077,NA,NA
1903,7,1903-07-01,-2.10553635817308,NA,NA
1903,8,1903-08-01,-3.30678335336539,NA,NA
1903,9,1903-09-01,0.156916182170542,NA,NA
1903,10,1903-10-01,-0.891639413759689,NA,NA
1903,11,1903-11-01,-2.00707061531008,NA,NA
1903,12,1903-12-01,-2.91107982073643,NA,NA
1904,1,1904-01-01,-4.29747596153846,NA,NA
1904,2,1904-02-01,-4.80431941105769,NA,NA
1904,3,1904-03-01,-1.70972055288462,NA,NA
1904,4,1904-04-01,-1.77752403846154,NA,NA
1904,5,1904-05-01,0.854454627403847,NA,NA
1904,6,1904-06-01,-1.50419170673077,NA,NA
1904,7,1904-07-01,-0.715887920673076,NA,NA
1904,8,1904-08-01,-1.86635366586539,NA,NA
1904,9,1904-09-01,-2.56378694282946,NA,NA
1904,10,1904-10-01,-1.66117066375969,NA,NA
1904,11,1904-11-01,-3.17699249031008,NA,NA
1904,12,1904-12-01,-5.75092357073643,NA,NA
1905,1,1905-01-01,-3.60704627403846,NA,NA
1905,2,1905-02-01,-3.44396784855769,NA,NA
1905,3,1905-03-01,-1.44995492788462,NA,NA
1905,4,1905-04-01,-0.527524038461539,NA,NA
1905,5,1905-05-01,-1.35550631009615,NA,NA
1905,6,1905-06-01,-2.82450420673077,NA,NA
1905,7,1905-07-01,-1.27545823317308,NA,NA
1905,8,1905-08-01,-2.32631460336539,NA,NA
1905,9,1905-09-01,-1.75324006782946,NA,NA
1905,10,1905-10-01,-1.38089722625969,NA,NA
1905,11,1905-11-01,-1.28636749031008,NA,NA
1905,12,1905-12-01,0.329154554263566,NA,NA
1906,1,1906-01-01,3.17225060096154,NA,NA
1906,2,1906-02-01,-0.113889723557692,NA,NA
1906,3,1906-03-01,-2.95972055288462,NA,NA
1906,4,1906-04-01,-1.69744591346154,NA,NA
1906,5,1906-05-01,-1.82523287259615,NA,NA
1906,6,1906-06-01,-1.24442608173077,NA,NA
1906,7,1906-07-01,-1.30573167067308,NA,NA
1906,8,1906-08-01,0.373880709134614,NA,NA
1906,9,1906-09-01,-0.222966630329458,NA,NA
1906,10,1906-10-01,-0.951209726259689,NA,NA
1906,11,1906-11-01,-1.33617217781008,NA,NA
1906,12,1906-12-01,-3.23041575823643,NA,NA
1907,1,1907-01-01,-2.57774939903846,NA,NA
1907,2,1907-02-01,-4.40392878605769,NA,NA
1907,3,1907-03-01,-1.71948617788462,NA,NA
1907,4,1907-04-01,-2.06658653846154,NA,NA
1907,5,1907-05-01,-3.47562349759615,NA,NA
1907,6,1907-06-01,-2.25419170673077,NA,NA
1907,7,1907-07-01,-2.17584885817308,NA,NA
1907,8,1907-08-01,-2.00697866586539,NA,NA
1907,9,1907-09-01,-0.743474442829458,NA,NA
1907,10,1907-10-01,-2.81156128875969,NA,NA
1907,11,1907-11-01,-0.606679990310078,NA,NA
1907,12,1907-12-01,1.53911549176357,NA,NA
1908,1,1908-01-01,0.742563100961538,NA,NA
1908,2,1908-02-01,-1.89416316105769,NA,NA
1908,3,1908-03-01,-0.809329927884615,NA,NA
1908,4,1908-04-01,-1.72674278846154,NA,NA
1908,5,1908-05-01,-0.775428185096153,NA,NA
1908,6,1908-06-01,0.165730168269231,NA,NA
1908,7,1908-07-01,-0.294989483173076,NA,NA
1908,8,1908-08-01,-1.94643179086539,NA,NA
1908,9,1908-09-01,0.716486494670542,NA,NA
1908,10,1908-10-01,0.699180898740311,NA,NA
1908,11,1908-11-01,-0.596914365310078,NA,NA
1908,12,1908-12-01,-1.17084544573643,NA,NA
1909,1,1909-01-01,0.0921724759615383,NA,NA
1909,2,1909-02-01,-0.403928786057692,NA,NA
1909,3,1909-03-01,-0.619876802884615,NA,NA
1909,4,1909-04-01,-1.60662560096154,NA,NA
1909,5,1909-05-01,-1.60550631009615,NA,NA
1909,6,1909-06-01,-0.144816706730769,NA,NA
1909,7,1909-07-01,-1.49518479567308,NA,NA
1909,8,1909-08-01,-1.01674429086539,NA,NA
1909,9,1909-09-01,-0.633122880329458,NA,NA
1909,10,1909-10-01,0.298790273740311,NA,NA
1909,11,1909-11-01,1.22339813468992,NA,NA
1909,12,1909-12-01,-0.850532945736434,NA,NA
1910,1,1910-01-01,2.49256310096154,NA,NA
1910,2,1910-02-01,-0.424436598557692,NA,NA
1910,3,1910-03-01,2.30004507211538,NA,NA
1910,4,1910-04-01,1.32306189903846,NA,NA
1910,5,1910-05-01,-1.50492037259615,NA,NA
1910,6,1910-06-01,-1.65458233173077,NA,NA
1910,7,1910-07-01,0.00481520432692406,NA,NA
1910,8,1910-08-01,-1.46693960336539,NA,NA
1910,9,1910-09-01,-1.44366975532946,NA,NA
1910,10,1910-10-01,-0.300819101259689,NA,NA
1910,11,1910-11-01,-0.886953427810078,NA,NA
1910,12,1910-12-01,-3.04096263323643,NA,NA
1911,1,1911-01-01,0.252328725961538,NA,NA
1911,2,1911-02-01,-3.86388972355769,NA,NA
1911,3,1911-03-01,-2.37964242788462,NA,NA
1911,4,1911-04-01,-1.31658653846154,NA,NA
1911,5,1911-05-01,1.21480618990385,NA,NA
1911,6,1911-06-01,-0.894816706730769,NA,NA
1911,7,1911-07-01,0.664971454326924,NA,NA
1911,8,1911-08-01,-1.01674429086539,NA,NA
1911,9,1911-09-01,-1.99347444282946,NA,NA
1911,10,1911-10-01,-0.861365976259689,NA,NA
1911,11,1911-11-01,-1.17699249031008,NA,NA
1911,12,1911-12-01,2.33892017926357,NA,NA
1912,1,1912-01-01,-4.42735877403846,NA,NA
1912,2,1912-02-01,-1.87365534855769,NA,NA
1912,3,1912-03-01,-1.53979867788462,NA,NA
1912,4,1912-04-01,-1.65740685096154,NA,NA
1912,5,1912-05-01,-0.515662560096153,NA,NA
1912,6,1912-06-01,-1.33426983173077,NA,NA
1912,7,1912-07-01,-0.925848858173076,NA,NA
1912,8,1912-08-01,-3.00697866586539,NA,NA
1912,9,1912-09-01,-2.05304475532946,NA,NA
1912,10,1912-10-01,-0.0312878512596892,NA,NA
1912,11,1912-11-01,-0.416250302810078,NA,NA
1912,12,1912-12-01,0.619193616763566,NA,NA
1913,1,1913-01-01,4.11268028846154,NA,NA
1913,2,1913-02-01,-2.47424128605769,NA,NA
1913,3,1913-03-01,1.39086538461538,NA,NA
1913,4,1913-04-01,-0.277524038461539,NA,NA
1913,5,1913-05-01,-3.25492037259615,NA,NA
1913,6,1913-06-01,-1.43485576923077,NA,NA
1913,7,1913-07-01,-0.0352238581730759,NA,NA
1913,8,1913-08-01,-1.61635366586539,NA,NA
1913,9,1913-09-01,-2.08331819282946,NA,NA
1913,10,1913-10-01,2.75875121124031,NA,NA
1913,11,1913-11-01,0.513437197189922,NA,NA
1913,12,1913-12-01,0.918998304263566,NA,NA
1914,1,1914-01-01,-2.56700721153846,NA,NA
1914,2,1914-02-01,-4.85412409855769,NA,NA
1914,3,1914-03-01,-1.40991586538462,NA,NA
1914,4,1914-04-01,-2.33709435096154,NA,NA
1914,5,1914-05-01,1.04488431490385,NA,NA
1914,6,1914-06-01,-1.23466045673077,NA,NA
1914,7,1914-07-01,-1.73541917067308,NA,NA
1914,8,1914-08-01,-0.916158353365386,NA,NA
1914,9,1914-09-01,0.527033369670542,NA,NA
1914,10,1914-10-01,1.12886839874031,NA,NA
1914,11,1914-11-01,-3.29613311531008,NA,NA
1914,12,1914-12-01,-2.68061107073643,NA,NA
1915,1,1915-01-01,1.03260216346154,NA,NA
1915,2,1915-02-01,2.18591496394231,NA,NA
1915,3,1915-03-01,-1.14917367788462,NA,NA
1915,4,1915-04-01,1.14337439903846,NA,NA
1915,5,1915-05-01,-0.805701622596153,NA,NA
1915,6,1915-06-01,-0.444621394230769,NA,NA
1915,7,1915-07-01,-1.16510667067308,NA,NA
1915,8,1915-08-01,-0.816548978365386,NA,NA
1915,9,1915-09-01,1.22625211967054,NA,NA
1915,10,1915-10-01,0.358360586240311,NA,NA
1915,11,1915-11-01,-0.146719052810078,NA,NA
1915,12,1915-12-01,0.739310804263566,NA,NA
1916,1,1916-01-01,1.01209435096154,NA,NA
1916,2,1916-02-01,-2.53381159855769,NA,NA
1916,3,1916-03-01,-4.58960336538462,NA,NA
1916,4,1916-04-01,-0.907406850961539,NA,NA
1916,5,1916-05-01,-1.14554537259615,NA,NA
1916,6,1916-06-01,-1.07450420673077,NA,NA
1916,7,1916-07-01,-0.0156926081730759,NA,NA
1916,8,1916-08-01,0.553568209134614,NA,NA
1916,9,1916-09-01,0.146173994670542,NA,NA
1916,10,1916-10-01,0.458946523740311,NA,NA
1916,11,1916-11-01,-2.45628936531008,NA,NA
1916,12,1916-12-01,-0.290962633236434,NA,NA
1917,1,1917-01-01,-0.197866586538462,NA,NA
1917,2,1917-02-01,-2.67443659855769,NA,NA
1917,3,1917-03-01,-0.399173677884615,NA,NA
1917,4,1917-04-01,-1.07732872596154,NA,NA
1917,5,1917-05-01,-3.73538912259615,NA,NA
1917,6,1917-06-01,-2.13505108173077,NA,NA
1917,7,1917-07-01,-0.395575420673076,NA,NA
1917,8,1917-08-01,-0.746236478365386,NA,NA
1917,9,1917-09-01,-1.84308381782946,NA,NA
1917,10,1917-10-01,-1.41117066375969,NA,NA
1917,11,1917-11-01,-3.01683624031008,NA,NA
1917,12,1917-12-01,-4.94037669573643,NA,NA
1918,1,1918-01-01,-4.43712439903846,NA,NA
1918,2,1918-02-01,-2.02404597355769,NA,NA
1918,3,1918-03-01,-1.28979867788462,NA,NA
1918,4,1918-04-01,-0.247250600961539,NA,NA
1918,5,1918-05-01,2.07418118990385,NA,NA
1918,6,1918-06-01,-2.09501201923077,NA,NA
1918,7,1918-07-01,-1.42584885817308,NA,NA
1918,8,1918-08-01,-1.15639272836539,NA,NA
1918,9,1918-09-01,-1.67316194282946,NA,NA
1918,10,1918-10-01,0.108360586240311,NA,NA
1918,11,1918-11-01,-0.0568753028100777,NA,NA
1918,12,1918-12-01,0.509818616763566,NA,NA
1919,1,1919-01-01,2.01209435096154,NA,NA
1919,2,1919-02-01,1.48571965144231,NA,NA
1919,3,1919-03-01,1.60082632211538,NA,NA
1919,4,1919-04-01,-0.587094350961539,NA,NA
1919,5,1919-05-01,0.134728064903847,NA,NA
1919,6,1919-06-01,0.135456730769231,NA,NA
1919,7,1919-07-01,-0.555731670673076,NA,NA
1919,8,1919-08-01,-2.98647085336539,NA,NA
1919,9,1919-09-01,-1.14386506782946,NA,NA
1919,10,1919-10-01,-2.03128785125969,NA,NA
1919,11,1919-11-01,-0.306875302810078,NA,NA
1919,12,1919-12-01,-3.68061107073643,NA,NA
1920,1,1920-01-01,-5.87755408653846,NA,NA
1920,2,1920-02-01,-2.15392878605769,NA,NA
1920,3,1920-03-01,-0.309329927884615,NA,NA
1920,4,1920-04-01,-1.48748497596154,NA,NA
1920,5,1920-05-01,-1.21585787259615,NA,NA
1920,6,1920-06-01,-0.414347956730769,NA,NA
1920,7,1920-07-01,-0.125067608173076,NA,NA
1920,8,1920-08-01,1.08384164663461,NA,NA
1920,9,1920-09-01,0.0367989946705425,NA,NA
1920,10,1920-10-01,2.37886839874031,NA,NA
1920,11,1920-11-01,-2.29613311531008,NA,NA
1920,12,1920-12-01,0.569388929263566,NA,NA
1921,1,1921-01-01,0.932992788461538,NA,NA
1921,2,1921-02-01,0.445680588942308,NA,NA
1921,3,1921-03-01,2.92016225961538,NA,NA
1921,4,1921-04-01,1.98321814903846,NA,NA
1921,5,1921-05-01,0.794884314903847,NA,NA
1921,6,1921-06-01,0.105183293269231,NA,NA
1921,7,1921-07-01,1.77434645432692,NA,NA
1921,8,1921-08-01,-1.06654897836539,NA,NA
1921,9,1921-09-01,1.28679899467054,NA,NA
1921,10,1921-10-01,0.248985586240311,NA,NA
1921,11,1921-11-01,-3.27660186531008,NA,NA
1921,12,1921-12-01,-1.68061107073643,NA,NA
1922,1,1922-01-01,-2.55724158653846,NA,NA
1922,2,1922-02-01,-1.11388972355769,NA,NA
1922,3,1922-03-01,1.07055288461538,NA,NA
1922,4,1922-04-01,0.242983774038461,NA,NA
1922,5,1922-05-01,0.694298377403847,NA,NA
1922,6,1922-06-01,0.845417668269231,NA,NA
1922,7,1922-07-01,-0.625067608173076,NA,NA
1922,8,1922-08-01,-0.216939603365386,NA,NA
1922,9,1922-09-01,-0.203435380329458,NA,NA
1922,10,1922-10-01,-0.651405038759689,NA,NA
1922,11,1922-11-01,-0.986562802810078,NA,NA
1922,12,1922-12-01,-3.86029857073643,NA,NA
1923,1,1923-01-01,-3.37755408653846,NA,NA
1923,2,1923-02-01,-5.62365534855769,NA,NA
1923,3,1923-03-01,-5.06909555288462,NA,NA
1923,4,1923-04-01,-2.28728966346154,NA,NA
1923,5,1923-05-01,-0.754920372596153,NA,NA
1923,6,1923-06-01,0.114948918269231,NA,NA
1923,7,1923-07-01,-1.60553635817308,NA,NA
1923,8,1923-08-01,-2.35658804086539,NA,NA
1923,9,1923-09-01,-0.303044755329458,NA,NA
1923,10,1923-10-01,0.148399648740311,NA,NA
1923,11,1923-11-01,0.282968447189922,NA,NA
1923,12,1923-12-01,3.44927174176357,NA,NA
1924,1,1924-01-01,0.232797475961538,NA,NA
1924,2,1924-02-01,-3.23400691105769,NA,NA
1924,3,1924-03-01,0.920162259615385,NA,NA
1924,4,1924-04-01,-1.34685997596154,NA,NA
1924,5,1924-05-01,-1.18558443509615,NA,NA
1924,6,1924-06-01,-0.994426081730769,NA,NA
1924,7,1924-07-01,0.234307391826924,NA,NA
1924,8,1924-08-01,-0.476705228365386,NA,NA
1924,9,1924-09-01,-0.783513505329458,NA,NA
1924,10,1924-10-01,0.409141836240311,NA,NA
1924,11,1924-11-01,-0.396719052810078,NA,NA
1924,12,1924-12-01,-3.54096263323643,NA,NA
1925,1,1925-01-01,-4.60704627403846,NA,NA
1925,2,1925-02-01,3.36560246394231,NA,NA
1925,3,1925-03-01,1.22094350961538,NA,NA
1925,4,1925-04-01,0.313296274038461,NA,NA
1925,5,1925-05-01,-1.44535006009615,NA,NA
1925,6,1925-06-01,0.324909855769231,NA,NA
1925,7,1925-07-01,-0.815497295673076,NA,NA
1925,8,1925-08-01,-0.116353665865386,NA,NA
1925,9,1925-09-01,-1.32355256782946,NA,NA
1925,10,1925-10-01,-4.25101441375969,NA,NA
1925,11,1925-11-01,-0.946523740310078,NA,NA
1925,12,1925-12-01,-1.60053294573643,NA,NA
1926,1,1926-01-01,-1.48790564903846,NA,NA
1926,2,1926-02-01,-2.08361628605769,NA,NA
1926,3,1926-03-01,-4.41968149038462,NA,NA
1926,4,1926-04-01,-3.56658653846154,NA,NA
1926,5,1926-05-01,-1.74515474759615,NA,NA
1926,6,1926-06-01,-1.14481670673077,NA,NA
1926,7,1926-07-01,-0.925848858173076,NA,NA
1926,8,1926-08-01,-1.07631460336539,NA,NA
1926,9,1926-09-01,-0.722966630329458,NA,NA
1926,10,1926-10-01,-0.901405038759689,NA,NA
1926,11,1926-11-01,0.333749697189922,NA,NA
1926,12,1926-12-01,-2.33100169573643,NA,NA
1927,1,1927-01-01,1.47303185096154,NA,NA
1927,2,1927-02-01,-0.714475661057692,NA,NA
1927,3,1927-03-01,1.22094350961538,NA,NA
1927,4,1927-04-01,0.483218149038461,NA,NA
1927,5,1927-05-01,-2.16507662259615,NA,NA
1927,6,1927-06-01,-1.59501201923077,NA,NA
1927,7,1927-07-01,-0.885809795673076,NA,NA
1927,8,1927-08-01,-2.30678335336539,NA,NA
1927,9,1927-09-01,-0.103826005329458,NA,NA
1927,10,1927-10-01,1.19918089874031,NA,NA
1927,11,1927-11-01,1.80347625968992,NA,NA
1927,12,1927-12-01,0.749076429263566,NA,NA
1928,1,1928-01-01,-0.0377103365384617,NA,NA
1928,2,1928-02-01,-1.01428034855769,NA,NA
1928,3,1928-03-01,-1.41968149038462,NA,NA
1928,4,1928-04-01,-1.40740685096154,NA,NA
1928,5,1928-05-01,-1.45511568509615,NA,NA
1928,6,1928-06-01,-1.72489483173077,NA,NA
1928,7,1928-07-01,-0.205145733173076,NA,NA
1928,8,1928-08-01,-0.297017728365386,NA,NA
1928,9,1928-09-01,-1.92316194282946,NA,NA
1928,10,1928-10-01,-0.731483163759689,NA,NA
1928,11,1928-11-01,-0.717031552810078,NA,NA
1928,12,1928-12-01,2.19927174176357,NA,NA
1929,1,1929-01-01,0.102914663461538,NA,NA
1929,2,1929-02-01,-0.413694411057692,NA,NA
1929,3,1929-03-01,0.750240384615385,NA,NA
1929,4,1929-04-01,-0.877133413461539,NA,NA
1929,5,1929-05-01,0.245079627403847,NA,NA
1929,6,1929-06-01,-0.264933894230769,NA,NA
1929,7,1929-07-01,-0.855536358173076,NA,NA
1929,8,1929-08-01,-1.94643179086539,NA,NA
1929,9,1929-09-01,-0.143865067829458,NA,NA
1929,10,1929-10-01,-0.871131601259689,NA,NA
1929,11,1929-11-01,-0.906484677810078,NA,NA
1929,12,1929-12-01,-2.09076732073643,NA,NA
1930,1,1930-01-01,0.372445913461538,NA,NA
1930,2,1930-02-01,-0.373655348557692,NA,NA
1930,3,1930-03-01,-0.169681490384615,NA,NA
1930,4,1930-04-01,-0.976742788461539,NA,NA
1930,5,1930-05-01,0.184532752403847,NA,NA
1930,6,1930-06-01,2.60518329326923,NA,NA
1930,7,1930-07-01,-0.0752629206730759,NA,NA
1930,8,1930-08-01,-0.586080228365386,NA,NA
1930,9,1930-09-01,2.01629118217054,NA,NA
1930,10,1930-10-01,0.289024648740311,NA,NA
1930,11,1930-11-01,0.723398134689922,NA,NA
1930,12,1930-12-01,-0.000923570736433899,NA,NA
1931,1,1931-01-01,-0.247671274038462,NA,NA
1931,2,1931-02-01,1.14587590144231,NA,NA
1931,3,1931-03-01,0.990474759615385,NA,NA
1931,4,1931-04-01,0.742983774038461,NA,NA
1931,5,1931-05-01,0.134728064903847,NA,NA
1931,6,1931-06-01,0.614948918269231,NA,NA
1931,7,1931-07-01,-0.155341045673076,NA,NA
1931,8,1931-08-01,-0.156392728365386,NA,NA
1931,9,1931-09-01,0.436213057170542,NA,NA
1931,10,1931-10-01,1.22847777374031,NA,NA
1931,11,1931-11-01,3.21363250968992,NA,NA
1931,12,1931-12-01,1.12895924176357,NA,NA
1932,1,1932-01-01,4.37244591346154,NA,NA
1932,2,1932-02-01,-0.984006911057692,NA,NA
1932,3,1932-03-01,-1.25952524038462,NA,NA
1932,4,1932-04-01,-0.436703725961539,NA,NA
1932,5,1932-05-01,-0.115271935096153,NA,NA
1932,6,1932-06-01,-0.0549729567307686,NA,NA
1932,7,1932-07-01,-1.50592698317308,NA,NA
1932,8,1932-08-01,1.07309945913461,NA,NA
1932,9,1932-09-01,0.496759932170542,NA,NA
1932,10,1932-10-01,0.699180898740311,NA,NA
1932,11,1932-11-01,-0.876211240310078,NA,NA
1932,12,1932-12-01,1.29888111676357,NA,NA
1933,1,1933-01-01,3.32264122596154,NA,NA
1933,2,1933-02-01,3.04626652644231,NA,NA
1933,3,1933-03-01,-0.549564302884615,NA,NA
1933,4,1933-04-01,-0.197445913461539,NA,NA
1933,5,1933-05-01,0.194298377403847,NA,NA
1933,6,1933-06-01,0.305378605769231,NA,NA
1933,7,1933-07-01,-1.17584885817308,NA,NA
1933,8,1933-08-01,-0.256978665865386,NA,NA
1933,9,1933-09-01,0.256525557170542,NA,NA
1933,10,1933-10-01,-0.331092538759689,NA,NA
1933,11,1933-11-01,-3.90648467781008,NA,NA
1933,12,1933-12-01,-5.80072825823643,NA,NA
1934,1,1934-01-01,-1.87755408653846,NA,NA
1934,2,1934-02-01,-5.70373347355769,NA,NA
1934,3,1934-03-01,-0.529056490384615,NA,NA
1934,4,1934-04-01,1.10333533653846,NA,NA
1934,5,1934-05-01,1.23433743990385,NA,NA
1934,6,1934-06-01,-0.664347956730769,NA,NA
1934,7,1934-07-01,-0.0654972956730759,NA,NA
1934,8,1934-08-01,-1.45619741586539,NA,NA
1934,9,1934-09-01,1.63640836967054,NA,NA
1934,10,1934-10-01,-1.89163941375969,NA,NA
1934,11,1934-11-01,1.01343719718992,NA,NA
1934,12,1934-12-01,-3.02045482073643,NA,NA
1935,1,1935-01-01,-3.05724158653846,NA,NA
1935,2,1935-02-01,-0.583616286057692,NA,NA
1935,3,1935-03-01,-1.38940805288462,NA,NA
1935,4,1935-04-01,-1.47674278846154,NA,NA
1935,5,1935-05-01,-0.365271935096153,NA,NA
1935,6,1935-06-01,0.225300480769231,NA,NA
1935,7,1935-07-01,1.40422926682692,NA,NA
1935,8,1935-08-01,1.06333383413461,NA,NA
1935,9,1935-09-01,-0.513005692829458,NA,NA
1935,10,1935-10-01,-0.311561288759689,NA,NA
1935,11,1935-11-01,0.873788759689922,NA,NA
1935,12,1935-12-01,-4.20111888323643,NA,NA
1936,1,1936-01-01,-0.867788461538462,NA,NA
1936,2,1936-02-01,-2.77404597355769,NA,NA
1936,3,1936-03-01,3.06078725961538,NA,NA
1936,4,1936-04-01,-2.08709435096154,NA,NA
1936,5,1936-05-01,-0.185584435096153,NA,NA
1936,6,1936-06-01,-0.0149338942307686,NA,NA
1936,7,1936-07-01,-1.66510667067308,NA,NA
1936,8,1936-08-01,-0.656392728365386,NA,NA
1936,9,1936-09-01,-1.19366975532946,NA,NA
1936,10,1936-10-01,-0.791053476259689,NA,NA
1936,11,1936-11-01,-3.33617217781008,NA,NA
1936,12,1936-12-01,0.0693889292635661,NA,NA
1937,1,1937-01-01,3.31287560096154,NA,NA
1937,2,1937-02-01,2.39587590144231,NA,NA
1937,3,1937-03-01,-2.21948617788462,NA,NA
1937,4,1937-04-01,0.103335336538461,NA,NA
1937,5,1937-05-01,1.40425931490385,NA,NA
1937,6,1937-06-01,0.785847355769231,NA,NA
1937,7,1937-07-01,1.12493239182692,NA,NA
1937,8,1937-08-01,2.79380258413461,NA,NA
1937,9,1937-09-01,0.676447432170542,NA,NA
1937,10,1937-10-01,-0.460975351259689,NA,NA
1937,11,1937-11-01,0.293710634689922,NA,NA
1937,12,1937-12-01,-0.0907673207364339,NA,NA
1938,1,1938-01-01,-0.297475961538462,NA,NA
1938,2,1938-02-01,0.145875901442308,NA,NA
1938,3,1938-03-01,-1.03979867788462,NA,NA
1938,4,1938-04-01,1.35333533653846,NA,NA
1938,5,1938-05-01,-1.31546724759615,NA,NA
1938,6,1938-06-01,1.62569110576923,NA,NA
1938,7,1938-07-01,-0.345770733173076,NA,NA
1938,8,1938-08-01,1.80356820913461,NA,NA
1938,9,1938-09-01,-1.26300569282946,NA,NA
1938,10,1938-10-01,1.22847777374031,NA,NA
1938,11,1938-11-01,1.18335907218992,NA,NA
1938,12,1938-12-01,0.668998304263566,NA,NA
1939,1,1939-01-01,-1.30724158653846,NA,NA
1939,2,1939-02-01,-0.00353816105769234,NA,NA
1939,3,1939-03-01,-3.21948617788462,NA,NA
1939,4,1939-04-01,-2.44744591346154,NA,NA
1939,5,1939-05-01,-0.485389122596153,NA,NA
1939,6,1939-06-01,-0.0647385817307686,NA,NA
1939,7,1939-07-01,0.444268329326924,NA,NA
1939,8,1939-08-01,2.13364633413461,NA,NA
1939,9,1939-09-01,-0.503240067829458,NA,NA
1939,10,1939-10-01,-0.471717538759689,NA,NA
1939,11,1939-11-01,-2.52660186531008,NA,NA
1939,12,1939-12-01,-0.510689195736434,NA,NA
1940,1,1940-01-01,-2.18712439903846,NA,NA
1940,2,1940-02-01,0.815797776442308,NA,NA
1940,3,1940-03-01,-1.24975961538462,NA,NA
1940,4,1940-04-01,-1.28728966346154,NA,NA
1940,5,1940-05-01,0.924767127403847,NA,NA
1940,6,1940-06-01,-0.584269831730769,NA,NA
1940,7,1940-07-01,0.624932391826924,NA,NA
1940,8,1940-08-01,-0.0167442908653861,NA,NA
1940,9,1940-09-01,-0.0930838178294575,NA,NA
1940,10,1940-10-01,-1.89163941375969,NA,NA
1940,11,1940-11-01,-0.356679990310078,NA,NA
1940,12,1940-12-01,-1.55072825823643,NA,NA
1941,1,1941-01-01,-1.20763221153846,NA,NA
1941,2,1941-02-01,2.10583683894231,NA,NA
1941,3,1941-03-01,-1.63940805288462,NA,NA
1941,4,1941-04-01,1.97247596153846,NA,NA
1941,5,1941-05-01,0.214806189903847,NA,NA
1941,6,1941-06-01,1.00557391826923,NA,NA
1941,7,1941-07-01,0.644463641826924,NA,NA
1941,8,1941-08-01,-0.886861478365386,NA,NA
1941,9,1941-09-01,0.586603682170542,NA,NA
1941,10,1941-10-01,0.289024648740311,NA,NA
1941,11,1941-11-01,1.63355438468992,NA,NA
1941,12,1941-12-01,1.48931080426357,NA,NA
1942,1,1942-01-01,0.322641225961538,NA,NA
1942,2,1942-02-01,-0.174436598557692,NA,NA
1942,3,1942-03-01,3.47094350961538,NA,NA
1942,4,1942-04-01,1.20294471153846,NA,NA
1942,5,1942-05-01,1.24507962740385,NA,NA
1942,6,1942-06-01,0.705769230769231,NA,NA
1942,7,1942-07-01,-0.265692608173076,NA,NA
1942,8,1942-08-01,-0.786275540865386,NA,NA
1942,9,1942-09-01,0.216486494670542,NA,NA
1942,10,1942-10-01,1.53902464874031,NA,NA
1942,11,1942-11-01,-0.346914365310078,NA,NA
1942,12,1942-12-01,-2.45111888323643,NA,NA
1943,1,1943-01-01,-2.25743689903846,NA,NA
1943,2,1943-02-01,1.44568058894231,NA,NA
1943,3,1943-03-01,-0.459720552884615,NA,NA
1943,4,1943-04-01,-2.01678185096154,NA,NA
1943,5,1943-05-01,0.134728064903847,NA,NA
1943,6,1943-06-01,0.175495793269231,NA,NA
1943,7,1943-07-01,0.274346454326924,NA,NA
1943,8,1943-08-01,-0.736470853365386,NA,NA
1943,9,1943-09-01,-1.35382600532946,NA,NA
1943,10,1943-10-01,0.378868398740311,NA,NA
1943,11,1943-11-01,-0.326406552810078,NA,NA
1943,12,1943-12-01,-3.20111888323643,NA,NA
1944,1,1944-01-01,1.51209435096154,NA,NA
1944,2,1944-02-01,-0.243772536057692,NA,NA
1944,3,1944-03-01,-0.549564302884615,NA,NA
1944,4,1944-04-01,-1.38689903846154,NA,NA
1944,5,1944-05-01,1.78414212740385,NA,NA
1944,6,1944-06-01,-0.484660456730769,NA,NA
1944,7,1944-07-01,-0.235419170673076,NA,NA
1944,8,1944-08-01,1.75376352163461,NA,NA
1944,9,1944-09-01,0.0563302446705425,NA,NA
1944,10,1944-10-01,-0.621131601259689,NA,NA
1944,11,1944-11-01,0.763437197189922,NA,NA
1944,12,1944-12-01,-0.690376695736434,NA,NA
1945,1,1945-01-01,-1.72716346153846,NA,NA
1945,2,1945-02-01,0.0657977764423077,NA,NA
1945,3,1945-03-01,3.56078725961538,NA,NA
1945,4,1945-04-01,2.00274939903846,NA,NA
1945,5,1945-05-01,-2.08499849759615,NA,NA
1945,6,1945-06-01,-1.37430889423077,NA,NA
1945,7,1945-07-01,-0.925848858173076,NA,NA
1945,8,1945-08-01,-0.266744290865386,NA,NA
1945,9,1945-09-01,0.746759932170542,NA,NA
1945,10,1945-10-01,-1.89163941375969,NA,NA
1945,11,1945-11-01,0.453866884689922,NA,NA
1945,12,1945-12-01,-2.33100169573643,NA,NA
1946,1,1946-01-01,-0.367788461538462,NA,NA
1946,2,1946-02-01,-2.34435847355769,NA,NA
1946,3,1946-03-01,3.82055288461538,NA,NA
1946,4,1946-04-01,-1.38689903846154,NA,NA
1946,5,1946-05-01,-0.535193810096153,NA,NA
1946,6,1946-06-01,-0.774699519230769,NA,NA
1946,7,1946-07-01,-1.44538010817308,NA,NA
1946,8,1946-08-01,-1.75697866586539,NA,NA
1946,9,1946-09-01,0.176447432170542,NA,NA
1946,10,1946-10-01,1.11910277374031,NA,NA
1946,11,1946-11-01,1.27320282218992,NA,NA
1946,12,1946-12-01,0.369193616763566,NA,NA
1947,1,1947-01-01,0.292367788461538,NA,NA
1947,2,1947-02-01,1.68591496394231,NA,NA
1947,3,1947-03-01,0.880123197115385,NA,NA
1947,4,1947-04-01,-1.24725060096154,NA,NA
1947,5,1947-05-01,-0.855506310096153,NA,NA
1947,6,1947-06-01,-1.15458233173077,NA,NA
1947,7,1947-07-01,1.26458082932692,NA,NA
1947,8,1947-08-01,0.373880709134614,NA,NA
1947,9,1947-09-01,0.236994307170542,NA,NA
1947,10,1947-10-01,2.23921996124031,NA,NA
1947,11,1947-11-01,-0.516836240310078,NA,NA
1947,12,1947-12-01,-1.88080638323643,NA,NA
1948,1,1948-01-01,-2.09728064903846,NA,NA
1948,2,1948-02-01,-2.22424128605769,NA,NA
1948,3,1948-03-01,-0.649173677884615,NA,NA
1948,4,1948-04-01,-1.01678185096154,NA,NA
1948,5,1948-05-01,-2.18558443509615,NA,NA
1948,6,1948-06-01,-1.72489483173077,NA,NA
1948,7,1948-07-01,-0.355536358173076,NA,NA
1948,8,1948-08-01,0.253763521634614,NA,NA
1948,9,1948-09-01,0.0768380571705425,NA,NA
1948,10,1948-10-01,-0.571326913759689,NA,NA
1948,11,1948-11-01,2.52320282218992,NA,NA
1948,12,1948-12-01,2.01958424176357,NA,NA
1949,1,1949-01-01,2.85291466346154,NA,NA
1949,2,1949-02-01,2.00622746394231,NA,NA
1949,3,1949-03-01,0.610591947115385,NA,NA
1949,4,1949-04-01,1.71271033653846,NA,NA
1949,5,1949-05-01,0.794884314903847,NA,NA
1949,6,1949-06-01,1.36494891826923,NA,NA
1949,7,1949-07-01,1.04485426682692,NA,NA
1949,8,1949-08-01,0.493021334134614,NA,NA
1949,9,1949-09-01,-0.533513505329458,NA,NA
1949,10,1949-10-01,1.33882933624031,NA,NA
1949,11,1949-11-01,-0.686758115310078,NA,NA
1949,12,1949-12-01,2.17974049176357,NA,NA
1950,1,1950-01-01,3.01209435096154,NA,NA
1950,2,1950-02-01,-1.51428034855769,NA,NA
1950,3,1950-03-01,-2.06909555288462,NA,NA
1950,4,1950-04-01,-0.487484975961539,NA,NA
1950,5,1950-05-01,-0.0049203725961533,NA,NA
1950,6,1950-06-01,0.0749098557692314,NA,NA
1950,7,1950-07-01,-0.595770733173076,NA,NA
1950,8,1950-08-01,-0.566548978365386,NA,NA
1950,9,1950-09-01,-2.24347444282946,NA,NA
1950,10,1950-10-01,0.0888293362403108,NA,NA
1950,11,1950-11-01,2.50367157218992,NA,NA
1950,12,1950-12-01,1.97954517926357,NA,NA
1951,1,1951-01-01,3.02283653846154,NA,NA
1951,2,1951-02-01,2.27575871394231,NA,NA
1951,3,1951-03-01,1.24047475961538,NA,NA
1951,4,1951-04-01,1.78302283653846,NA,NA
1951,5,1951-05-01,0.594689002403847,NA,NA
1951,6,1951-06-01,-1.04423076923077,NA,NA
1951,7,1951-07-01,0.284112079326924,NA,NA
1951,8,1951-08-01,-0.0362755408653861,NA,NA
1951,9,1951-09-01,0.616877119670542,NA,NA
1951,10,1951-10-01,-0.141639413759689,NA,NA
1951,11,1951-11-01,-0.166250302810078,NA,NA
1951,12,1951-12-01,0.249076429263566,NA,NA
1952,1,1952-01-01,1.59217247596154,NA,NA
1952,2,1952-02-01,1.21618840144231,NA,NA
1952,3,1952-03-01,0.520748197115385,NA,NA
1952,4,1952-04-01,1.13263221153846,NA,NA
1952,5,1952-05-01,-0.685584435096153,NA,NA
1952,6,1952-06-01,0.945027043269231,NA,NA
1952,7,1952-07-01,1.99407301682692,NA,NA
1952,8,1952-08-01,0.443216646634614,NA,NA
1952,9,1952-09-01,0.536798994670542,NA,NA
1952,10,1952-10-01,-0.281287851259689,NA,NA
1952,11,1952-11-01,0.623788759689922,NA,NA
1952,12,1952-12-01,1.94927174176357,NA,NA
1953,1,1953-01-01,3.74256310096154,NA,NA
1953,2,1953-02-01,2.50622746394231,NA,NA
1953,3,1953-03-01,1.14086538461538,NA,NA
1953,4,1953-04-01,1.51251502403846,NA,NA
1953,5,1953-05-01,0.0546499399038467,NA,NA
1953,6,1953-06-01,-0.00419170673076863,NA,NA
1953,7,1953-07-01,0.0243464543269241,NA,NA
1953,8,1953-08-01,-0.466939603365386,NA,NA
1953,9,1953-09-01,0.486994307170542,NA,NA
1953,10,1953-10-01,1.03902464874031,NA,NA
1953,11,1953-11-01,2.57300750968992,NA,NA
1953,12,1953-12-01,4.55962330426357,NA,NA
1954,1,1954-01-01,-0.867788461538462,NA,NA
1954,2,1954-02-01,3.52575871394231,NA,NA
1954,3,1954-03-01,0.320552884615385,NA,NA
1954,4,1954-04-01,-0.197445913461539,NA,NA
1954,5,1954-05-01,-1.08499849759615,NA,NA
1954,6,1954-06-01,-0.414347956730769,NA,NA
1954,7,1954-07-01,-0.995184795673076,NA,NA
1954,8,1954-08-01,-0.976705228365386,NA,NA
1954,9,1954-09-01,-0.972966630329458,NA,NA
1954,10,1954-10-01,1.31832152374031,NA,NA
1954,11,1954-11-01,0.633554384689922,NA,NA
1954,12,1954-12-01,1.45903736676357,NA,NA
1955,1,1955-01-01,-0.607046274038462,NA,NA
1955,2,1955-02-01,1.11560246394231,NA,NA
1955,3,1955-03-01,-0.999759615384615,NA,NA
1955,4,1955-04-01,0.563296274038461,NA,NA
1955,5,1955-05-01,1.34468900240385,NA,NA
1955,6,1955-06-01,-0.404582331730769,NA,NA
1955,7,1955-07-01,0.664971454326924,NA,NA
1955,8,1955-08-01,0.413919771634614,NA,NA
1955,9,1955-09-01,-0.753240067829458,NA,NA
1955,10,1955-10-01,0.0790637112403108,NA,NA
1955,11,1955-11-01,-0.136953427810078,NA,NA
1955,12,1955-12-01,-3.97065013323643,NA,NA
1956,1,1956-01-01,4.03260216346154,NA,NA
1956,2,1956-02-01,0.546266526442308,NA,NA
1956,3,1956-03-01,-2.99975961538462,NA,NA
1956,4,1956-04-01,-1.26678185096154,NA,NA
1956,5,1956-05-01,-2.84574068509615,NA,NA
1956,6,1956-06-01,-0.845012019230769,NA,NA
1956,7,1956-07-01,-1.72565354567308,NA,NA
1956,8,1956-08-01,-1.60658804086539,NA,NA
1956,9,1956-09-01,-2.18390413032946,NA,NA
1956,10,1956-10-01,-0.0810925387596892,NA,NA
1956,11,1956-11-01,1.13355438468992,NA,NA
1956,12,1956-12-01,0.418998304263566,NA,NA
1957,1,1957-01-01,-3.77696814903846,NA,NA
1957,2,1957-02-01,2.48571965144231,NA,NA
1957,3,1957-03-01,0.700435697115385,NA,NA
1957,4,1957-04-01,0.462710336538461,NA,NA
1957,5,1957-05-01,0.484337439903847,NA,NA
1957,6,1957-06-01,0.355183293269231,NA,NA
1957,7,1957-07-01,-0.615301983173076,NA,NA
1957,8,1957-08-01,-1.33608022836539,NA,NA
1957,9,1957-09-01,0.446955244670542,NA,NA
1957,10,1957-10-01,0.458946523740311,NA,NA
1957,11,1957-11-01,1.98316375968992,NA,NA
1957,12,1957-12-01,3.35942799176357,NA,NA
1958,1,1958-01-01,3.21228966346154,NA,NA
1958,2,1958-02-01,-1.37365534855769,NA,NA
1958,3,1958-03-01,2.04027944711538,NA,NA
1958,4,1958-04-01,0.983218149038461,NA,NA
1958,5,1958-05-01,-1.42581881009615,NA,NA
1958,6,1958-06-01,-1.94462139423077,NA,NA
1958,7,1958-07-01,-1.22565354567308,NA,NA
1958,8,1958-08-01,-0.356588040865386,NA,NA
1958,9,1958-09-01,-0.193669755329458,NA,NA
1958,10,1958-10-01,-1.04105347625969,NA,NA
1958,11,1958-11-01,0.453866884689922,NA,NA
1958,12,1958-12-01,-4.64057200823643,NA,NA
1959,1,1959-01-01,-0.0777493990384617,NA,NA
1959,2,1959-02-01,-2.37365534855769,NA,NA
1959,3,1959-03-01,-0.499759615384615,NA,NA
1959,4,1959-04-01,0.323061899038461,NA,NA
1959,5,1959-05-01,1.69429837740385,NA,NA
1959,6,1959-06-01,-2.45438701923077,NA,NA
1959,7,1959-07-01,0.294854266826924,NA,NA
1959,8,1959-08-01,0.0438025841346139,NA,NA
1959,9,1959-09-01,0.816095869670542,NA,NA
1959,10,1959-10-01,-0.491248788759689,NA,NA
1959,11,1959-11-01,0.803476259689922,NA,NA
1959,12,1959-12-01,1.85942799176357,NA,NA
1960,1,1960-01-01,1.01209435096154,NA,NA
1960,2,1960-02-01,3.84607121394231,NA,NA
1960,3,1960-03-01,-1.51929086538462,NA,NA
1960,4,1960-04-01,0.0730618990384615,NA,NA
1960,5,1960-05-01,1.34468900240385,NA,NA
1960,6,1960-06-01,0.425495793269231,NA,NA
1960,7,1960-07-01,-0.245184795673076,NA,NA
1960,8,1960-08-01,0.0135291466346139,NA,NA
1960,9,1960-09-01,0.0866036821705425,NA,NA
1960,10,1960-10-01,-1.07132691375969,NA,NA
1960,11,1960-11-01,2.11304657218992,NA,NA
1960,12,1960-12-01,-0.740181383236434,NA,NA
1961,1,1961-01-01,-3.02696814903846,NA,NA
1961,2,1961-02-01,0.565797776442308,NA,NA
1961,3,1961-03-01,-0.709720552884615,NA,NA
1961,4,1961-04-01,-1.17693810096154,NA,NA
1961,5,1961-05-01,-0.925818810096153,NA,NA
1961,6,1961-06-01,0.125691105769231,NA,NA
1961,7,1961-07-01,-1.89557542067308,NA,NA
1961,8,1961-08-01,-0.186666165865386,NA,NA
1961,9,1961-09-01,2.29656461967054,NA,NA
1961,10,1961-10-01,1.47847777374031,NA,NA
1961,11,1961-11-01,1.73316375968992,NA,NA
1961,12,1961-12-01,0.798881116763566,NA,NA
1962,1,1962-01-01,0.0326021634615383,NA,NA
1962,2,1962-02-01,-2.14416316105769,NA,NA
1962,3,1962-03-01,1.29027944711538,NA,NA
1962,4,1962-04-01,-0.117367788461539,NA,NA
1962,5,1962-05-01,-0.605506310096153,NA,NA
1962,6,1962-06-01,-0.00419170673076863,NA,NA
1962,7,1962-07-01,-2.57526292067308,NA,NA
1962,8,1962-08-01,-1.32631460336539,NA,NA
1962,9,1962-09-01,-1.57355256782946,NA,NA
1962,10,1962-10-01,0.0683215237403108,NA,NA
1962,11,1962-11-01,-1.17699249031008,NA,NA
1962,12,1962-12-01,-0.730415758236434,NA,NA
1963,1,1963-01-01,1.29236778846154,NA,NA
1963,2,1963-02-01,-2.57385066105769,NA,NA
1963,3,1963-03-01,-0.259525240384615,NA,NA
1963,4,1963-04-01,-0.0773287259615385,NA,NA
1963,5,1963-05-01,-0.435584435096153,NA,NA
1963,6,1963-06-01,0.955769230769231,NA,NA
1963,7,1963-07-01,0.884698016826924,NA,NA
1963,8,1963-08-01,-1.79701772836539,NA,NA
1963,9,1963-09-01,-1.88312288032946,NA,NA
1963,10,1963-10-01,2.44918089874031,NA,NA
1963,11,1963-11-01,1.91382782218992,NA,NA
1963,12,1963-12-01,-4.65033763323643,NA,NA
1964,1,1964-01-01,2.23279747596154,NA,NA
1964,2,1964-02-01,0.706422776442308,NA,NA
1964,3,1964-03-01,0.0900841346153846,NA,NA
1964,4,1964-04-01,-0.327328725961539,NA,NA
1964,5,1964-05-01,1.15425931490385,NA,NA
1964,6,1964-06-01,0.0954176682692314,NA,NA
1964,7,1964-07-01,-1.25592698317308,NA,NA
1964,8,1964-08-01,-2.38686147836539,NA,NA
1964,9,1964-09-01,-1.99347444282946,NA,NA
1964,10,1964-10-01,-0.441444101259689,NA,NA
1964,11,1964-11-01,0.0232028221899223,NA,NA
1964,12,1964-12-01,-0.240181383236434,NA,NA
1965,1,1965-01-01,-1.70763221153846,NA,NA
1965,2,1965-02-01,-1.22424128605769,NA,NA
1965,3,1965-03-01,0.100826322115385,NA,NA
1965,4,1965-04-01,-0.976742788461539,NA,NA
1965,5,1965-05-01,0.165001502403847,NA,NA
1965,6,1965-06-01,1.15498798076923,NA,NA
1965,7,1965-07-01,-0.965887920673076,NA,NA
1965,8,1965-08-01,-0.0665489783653861,NA,NA
1965,9,1965-09-01,-0.643865067829458,NA,NA
1965,10,1965-10-01,-0.920936288759689,NA,NA
1965,11,1965-11-01,-1.58617217781008,NA,NA
1965,12,1965-12-01,0.459037366763566,NA,NA
1966,1,1966-01-01,1.58240685096154,NA,NA
1966,2,1966-02-01,0.825563401442308,NA,NA
1966,3,1966-03-01,1.05004507211538,NA,NA
1966,4,1966-04-01,-1.03728966346154,NA,NA
1966,5,1966-05-01,-0.995154747596153,NA,NA
1966,6,1966-06-01,0.364948918269231,NA,NA
1966,7,1966-07-01,-0.385809795673076,NA,NA
1966,8,1966-08-01,0.143411959134614,NA,NA
1966,9,1966-09-01,-1.08331819282946,NA,NA
1966,10,1966-10-01,0.00875121124031075,NA,NA
1966,11,1966-11-01,2.35328094718992,NA,NA
1966,12,1966-12-01,1.94927174176357,NA,NA
1967,1,1967-01-01,2.51209435096154,NA,NA
1967,2,1967-02-01,-2.61388972355769,NA,NA
1967,3,1967-03-01,-2.98999399038462,NA,NA
1967,4,1967-04-01,-1.44744591346154,NA,NA
1967,5,1967-05-01,-3.08499849759615,NA,NA
1967,6,1967-06-01,0.485066105769231,NA,NA
1967,7,1967-07-01,-0.665106670673076,NA,NA
1967,8,1967-08-01,0.0936072716346139,NA,NA
1967,9,1967-09-01,-0.163396317829458,NA,NA
1967,10,1967-10-01,0.588829336240311,NA,NA
1967,11,1967-11-01,-0.816640927810078,NA,NA
1967,12,1967-12-01,0.769584241763566,NA,NA
1968,1,1968-01-01,-2.23790564903846,NA,NA
1968,2,1968-02-01,-2.71447566105769,NA,NA
1968,3,1968-03-01,1.18090444711538,NA,NA
1968,4,1968-04-01,1.15314002403846,NA,NA
1968,5,1968-05-01,-0.595740685096153,NA,NA
1968,6,1968-06-01,-0.925090144230769,NA,NA
1968,7,1968-07-01,0.914971454326924,NA,NA
1968,8,1968-08-01,-1.03627554086539,NA,NA
1968,9,1968-09-01,1.09636930717054,NA,NA
1968,10,1968-10-01,1.76851683624031,NA,NA
1968,11,1968-11-01,-1.70628936531008,NA,NA
1968,12,1968-12-01,-0.650337633236434,NA,NA
1969,1,1969-01-01,0.652719350961538,NA,NA
1969,2,1969-02-01,1.09607121394231,NA,NA
1969,3,1969-03-01,-0.299564302884615,NA,NA
1969,4,1969-04-01,-0.487484975961539,NA,NA
1969,5,1969-05-01,0.0741811899038467,NA,NA
1969,6,1969-06-01,1.08565204326923,NA,NA
1969,7,1969-07-01,-0.565497295673076,NA,NA
1969,8,1969-08-01,1.01352914663461,NA,NA
1969,9,1969-09-01,-0.533513505329458,NA,NA
1969,10,1969-10-01,-0.851600351259689,NA,NA
1969,11,1969-11-01,0.913827822189922,NA,NA
1969,12,1969-12-01,1.49907642926357,NA,NA
1970,1,1970-01-01,-4.04747596153846,NA,NA
1970,2,1970-02-01,0.105836838942308,NA,NA
1970,3,1970-03-01,-0.339603365384615,NA,NA
1970,4,1970-04-01,-0.507016225961539,NA,NA
1970,5,1970-05-01,1.01461087740385,NA,NA
1970,6,1970-06-01,0.425495793269231,NA,NA
1970,7,1970-07-01,0.774346454326924,NA,NA
1970,8,1970-08-01,0.613138521634614,NA,NA
1970,9,1970-09-01,-0.653630692829458,NA,NA
1970,10,1970-10-01,0.918907461240311,NA,NA
1970,11,1970-11-01,0.413827822189922,NA,NA
1970,12,1970-12-01,-4.63080638323643,NA,NA
1971,1,1971-01-01,-4.17735877403846,NA,NA
1971,2,1971-02-01,-0.234006911057692,NA,NA
1971,3,1971-03-01,-0.219486177884615,NA,NA
1971,4,1971-04-01,-0.757016225961539,NA,NA
1971,5,1971-05-01,0.504845252403847,NA,NA
1971,6,1971-06-01,0.635456730769231,NA,NA
1971,7,1971-07-01,0.205010516826924,NA,NA
1971,8,1971-08-01,0.323099459134614,NA,NA
1971,9,1971-09-01,1.20672086967054,NA,NA
1971,10,1971-10-01,2.11910277374031,NA,NA
1971,11,1971-11-01,-1.40648467781008,NA,NA
1971,12,1971-12-01,-0.420845445736434,NA,NA
1972,1,1972-01-01,0.852914663461538,NA,NA
1972,2,1972-02-01,-1.14416316105769,NA,NA
1972,3,1972-03-01,-2.33960336538462,NA,NA
1972,4,1972-04-01,-1.91717247596154,NA,NA
1972,5,1972-05-01,0.784142127403847,NA,NA
1972,6,1972-06-01,-0.925090144230769,NA,NA
1972,7,1972-07-01,-0.325262920673076,NA,NA
1972,8,1972-08-01,-0.0763146033653861,NA,NA
1972,9,1972-09-01,0.636408369670542,NA,NA
1972,10,1972-10-01,-2.05081910125969,NA,NA
1972,11,1972-11-01,-1.76683624031008,NA,NA
1972,12,1972-12-01,-1.60053294573643,NA,NA
1973,1,1973-01-01,0.672250600961538,NA,NA
1973,2,1973-02-01,-0.464475661057692,NA,NA
1973,3,1973-03-01,2.53051382211538,NA,NA
1973,4,1973-04-01,0.823061899038461,NA,NA
1973,5,1973-05-01,-1.29495943509615,NA,NA
1973,6,1973-06-01,0.904987980769231,NA,NA
1973,7,1973-07-01,1.02434645432692,NA,NA
1973,8,1973-08-01,1.52329477163461,NA,NA
1973,9,1973-09-01,-0.373357255329458,NA,NA
1973,10,1973-10-01,-0.161170663759689,NA,NA
1973,11,1973-11-01,-0.576406552810078,NA,NA
1973,12,1973-12-01,3.65923267926357,NA,NA
1974,1,1974-01-01,0.272836538461538,NA,NA
1974,2,1974-02-01,-0.984006911057692,NA,NA
1974,3,1974-03-01,-0.0798377403846154,NA,NA
1974,4,1974-04-01,0.683413461538461,NA,NA
1974,5,1974-05-01,-1.95511568509615,NA,NA
1974,6,1974-06-01,0.195027043269231,NA,NA
1974,7,1974-07-01,-0.585028545673076,NA,NA
1974,8,1974-08-01,1.27329477163461,NA,NA
1974,9,1974-09-01,-0.633122880329458,NA,NA
1974,10,1974-10-01,-2.61136597625969,NA,NA
1974,11,1974-11-01,0.0329684471899223,NA,NA
1974,12,1974-12-01,1.66899830426357,NA,NA
1975,1,1975-01-01,1.33240685096154,NA,NA
1975,2,1975-02-01,-0.293577223557692,NA,NA
1975,3,1975-03-01,-0.279056490384615,NA,NA
1975,4,1975-04-01,-1.26678185096154,NA,NA
1975,5,1975-05-01,1.43453275240385,NA,NA
1975,6,1975-06-01,0.805378605769231,NA,NA
1975,7,1975-07-01,0.994073016826924,NA,NA
1975,8,1975-08-01,0.513529146634614,NA,NA
1975,9,1975-09-01,-1.10382600532946,NA,NA
1975,10,1975-10-01,0.428673086240311,NA,NA
1975,11,1975-11-01,2.13355438468992,NA,NA
1975,12,1975-12-01,-0.750923570736434,NA,NA
1976,1,1976-01-01,-1.83751502403846,NA,NA
1976,2,1976-02-01,2.62634465144231,NA,NA
1976,3,1976-03-01,0.530513822115385,NA,NA
1976,4,1976-04-01,1.13263221153846,NA,NA
1976,5,1976-05-01,0.314415564903847,NA,NA
1976,6,1976-06-01,2.45576923076923,NA,NA
1976,7,1976-07-01,-0.185614483173076,NA,NA
1976,8,1976-08-01,0.0633338341346139,NA,NA
1976,9,1976-09-01,-0.313786942829458,NA,NA
1976,10,1976-10-01,-1.29105347625969,NA,NA
1976,11,1976-11-01,-1.66625030281008,NA,NA
1976,12,1976-12-01,-3.30072825823643,NA,NA
1977,1,1977-01-01,-2.99767127403846,NA,NA
1977,2,1977-02-01,-0.394163161057692,NA,NA
1977,3,1977-03-01,2.66039663461538,NA,NA
1977,4,1977-04-01,0.0427884615384615,NA,NA
1977,5,1977-05-01,1.62496243990385,NA,NA
1977,6,1977-06-01,-1.01493389423077,NA,NA
1977,7,1977-07-01,0.164971454326924,NA,NA
1977,8,1977-08-01,-0.706197415865386,NA,NA
1977,9,1977-09-01,-1.12335725532946,NA,NA
1977,10,1977-10-01,0.369102773740311,NA,NA
1977,11,1977-11-01,1.27320282218992,NA,NA
1977,12,1977-12-01,-0.270454820736434,NA,NA
1978,1,1978-01-01,-0.997671274038462,NA,NA
1978,2,1978-02-01,-1.86388972355769,NA,NA
1978,3,1978-03-01,-0.999759615384615,NA,NA
1978,4,1978-04-01,-0.497250600961539,NA,NA
1978,5,1978-05-01,1.20504056490385,NA,NA
1978,6,1978-06-01,0.0456129807692314,NA,NA
1978,7,1978-07-01,0.484307391826924,NA,NA
1978,8,1978-08-01,1.24302133413461,NA,NA
1978,9,1978-09-01,-1.29327913032946,NA,NA
1978,10,1978-10-01,-0.951209726259689,NA,NA
1978,11,1978-11-01,-1.99632842781008,NA,NA
1978,12,1978-12-01,-0.0810016957364339,NA,NA
1979,1,1979-01-01,1.29236778846154,NA,NA
1979,2,1979-02-01,-2.57385066105769,NA,NA
1979,3,1979-03-01,2.81078725961538,NA,NA
1979,4,1979-04-01,0.533022836538461,NA,NA
1979,5,1979-05-01,0.924767127403847,NA,NA
1979,6,1979-06-01,1.04561298076923,NA,NA
1979,7,1979-07-01,0.844658954326924,NA,NA
1979,8,1979-08-01,-0.436666165865386,NA,NA
1979,9,1979-09-01,-0.0530447553294575,NA,NA
1979,10,1979-10-01,-0.181678476259689,NA,NA
1979,11,1979-11-01,2.58374969718992,NA,NA
1979,12,1979-12-01,1.30962330426357,NA,NA
1980,1,1980-01-01,0.912484975961538,NA,NA
1980,2,1980-02-01,-1.05431941105769,NA,NA
1980,3,1980-03-01,-0.409915865384615,NA,NA
1980,4,1980-04-01,1.17267127403846,NA,NA
1980,5,1980-05-01,1.14449368990385,NA,NA
1980,6,1980-06-01,0.404987980769231,NA,NA
1980,7,1980-07-01,1.10442457932692,NA,NA
1980,8,1980-08-01,1.49302133413461,NA,NA
1980,9,1980-09-01,-0.503240067829458,NA,NA
1980,10,1980-10-01,-1.52152222625969,NA,NA
1980,11,1980-11-01,-1.31664092781008,NA,NA
1980,12,1980-12-01,-3.53022044573643,NA,NA
1981,1,1981-01-01,-4.46739783653846,NA,NA
1981,2,1981-02-01,4.62634465144231,NA,NA
1981,3,1981-03-01,1.82055288461538,NA,NA
1981,4,1981-04-01,1.36310096153846,NA,NA
1981,5,1981-05-01,1.13472806490385,NA,NA
1981,6,1981-06-01,0.715534855769231,NA,NA
1981,7,1981-07-01,0.564385516826924,NA,NA
1981,8,1981-08-01,0.183451021634614,NA,NA
1981,9,1981-09-01,-0.673161942829458,NA,NA
1981,10,1981-10-01,-0.931678476259689,NA,NA
1981,11,1981-11-01,0.303476259689922,NA,NA
1981,12,1981-12-01,2.39946705426357,NA,NA
1982,1,1982-01-01,-4.14708533653846,NA,NA
1982,2,1982-02-01,-0.644163161057692,NA,NA
1982,3,1982-03-01,0.0207481971153846,NA,NA
1982,4,1982-04-01,-0.917172475961539,NA,NA
1982,5,1982-05-01,0.644493689903847,NA,NA
1982,6,1982-06-01,-0.824504206730769,NA,NA
1982,7,1982-07-01,0.634698016826924,NA,NA
1982,8,1982-08-01,-1.42690054086539,NA,NA
1982,9,1982-09-01,0.336603682170542,NA,NA
1982,10,1982-10-01,0.568321523740311,NA,NA
1982,11,1982-11-01,1.97339813468992,NA,NA
1982,12,1982-12-01,2.79888111676357,NA,NA
1983,1,1983-01-01,1.07264122596154,NA,NA
1983,2,1983-02-01,1.25622746394231,NA,NA
1983,3,1983-03-01,1.43090444711538,NA,NA
1983,4,1983-04-01,0.882632211538461,NA,NA
1983,5,1983-05-01,-0.625037560096153,NA,NA
1983,6,1983-06-01,1.63545673076923,NA,NA
1983,7,1983-07-01,0.544854266826924,NA,NA
1983,8,1983-08-01,1.24302133413461,NA,NA
1983,9,1983-09-01,2.63640836967054,NA,NA
1983,10,1983-10-01,0.768516836240311,NA,NA
1983,11,1983-11-01,1.34351532218992,NA,NA
1983,12,1983-12-01,0.259818616763566,NA,NA
1984,1,1984-01-01,-1.02696814903846,NA,NA
1984,2,1984-02-01,4.76599308894231,NA,NA
1984,3,1984-03-01,-2.84936899038462,NA,NA
1984,4,1984-04-01,0.403140024038461,NA,NA
1984,5,1984-05-01,0.384728064903847,NA,NA
1984,6,1984-06-01,0.495808293269231,NA,NA
1984,7,1984-07-01,0.614190204326924,NA,NA
1984,8,1984-08-01,1.46372445913461,NA,NA
1984,9,1984-09-01,-0.383122880329458,NA,NA
1984,10,1984-10-01,0.978477773740311,NA,NA
1984,11,1984-11-01,1.21363250968992,NA,NA
1984,12,1984-12-01,2.60942799176357,NA,NA
1985,1,1985-01-01,-3.19786658653846,NA,NA
1985,2,1985-02-01,1.91638371394231,NA,NA
1985,3,1985-03-01,0.290279447115385,NA,NA
1985,4,1985-04-01,0.382632211538461,NA,NA
1985,5,1985-05-01,0.0644155649038467,NA,NA
1985,6,1985-06-01,-0.874308894230769,NA,NA
1985,7,1985-07-01,0.244073016826924,NA,NA
1985,8,1985-08-01,-0.556783353365386,NA,NA
1985,9,1985-09-01,0.586603682170542,NA,NA
1985,10,1985-10-01,0.539024648740311,NA,NA
1985,11,1985-11-01,-0.276601865310078,NA,NA
1985,12,1985-12-01,-2.21088450823643,NA,NA
1986,1,1986-01-01,1.64295372596154,NA,NA
1986,2,1986-02-01,-0.543577223557692,NA,NA
1986,3,1986-03-01,0.410396634615385,NA,NA
1986,4,1986-04-01,2.50274939903846,NA,NA
1986,5,1986-05-01,0.364220252403847,NA,NA
1986,6,1986-06-01,-0.514933894230769,NA,NA
1986,7,1986-07-01,-1.31549729567308,NA,NA
1986,8,1986-08-01,-0.956197415865386,NA,NA
1986,9,1986-09-01,-1.11359163032946,NA,NA
1986,10,1986-10-01,-0.151405038759689,NA,NA
1986,11,1986-11-01,-1.49632842781008,NA,NA
1986,12,1986-12-01,0.319388929263566,NA,NA
1987,1,1987-01-01,-0.757436899038462,NA,NA
1987,2,1987-02-01,-1.03381159855769,NA,NA
1987,3,1987-03-01,0.340084134615385,NA,NA
1987,4,1987-04-01,1.67267127403846,NA,NA
1987,5,1987-05-01,1.18453275240385,NA,NA
1987,6,1987-06-01,0.395222355769231,NA,NA
1987,7,1987-07-01,-0.625067608173076,NA,NA
1987,8,1987-08-01,-0.166158353365386,NA,NA
1987,9,1987-09-01,0.0367989946705425,NA,NA
1987,10,1987-10-01,0.378868398740311,NA,NA
1987,11,1987-11-01,-0.726797177810078,NA,NA
1987,12,1987-12-01,0.649467054263566,NA,NA
1988,1,1988-01-01,-0.537710336538462,NA,NA
1988,2,1988-02-01,1.38611027644231,NA,NA
1988,3,1988-03-01,-0.189212740384615,NA,NA
1988,4,1988-04-01,0.242983774038461,NA,NA
1988,5,1988-05-01,1.43453275240385,NA,NA
1988,6,1988-06-01,1.09541766826923,NA,NA
1988,7,1988-07-01,1.15422926682692,NA,NA
1988,8,1988-08-01,1.61313852163461,NA,NA
1988,9,1988-09-01,-0.203435380329458,NA,NA
1988,10,1988-10-01,-1.70120972625969,NA,NA
1988,11,1988-11-01,1.59351532218992,NA,NA
1988,12,1988-12-01,-0.831001695736434,NA,NA
1989,1,1989-01-01,2.28260216346154,NA,NA
1989,2,1989-02-01,-0.0738506610576923,NA,NA
1989,3,1989-03-01,-0.979251802884615,NA,NA
1989,4,1989-04-01,-1.26678185096154,NA,NA
1989,5,1989-05-01,1.67476712740385,NA,NA
1989,6,1989-06-01,1.17549579326923,NA,NA
1989,7,1989-07-01,0.0546198918269241,NA,NA
1989,8,1989-08-01,-0.496236478365386,NA,NA
1989,9,1989-09-01,0.0768380571705425,NA,NA
1989,10,1989-10-01,0.378868398740311,NA,NA
1989,11,1989-11-01,-0.796133115310078,NA,NA
1989,12,1989-12-01,-7.41107982073643,NA,NA
1990,1,1990-01-01,4.16248497596154,NA,NA
1990,2,1990-02-01,0.206422776442308,NA,NA
1990,3,1990-03-01,0.880123197115385,NA,NA
1990,4,1990-04-01,0.552554086538461,NA,NA
1990,5,1990-05-01,-0.645545372596153,NA,NA
1990,6,1990-06-01,0.0358473557692314,NA,NA
1990,7,1990-07-01,1.02434645432692,NA,NA
1990,8,1990-08-01,1.81333383413461,NA,NA
1990,9,1990-09-01,-0.523747880329458,NA,NA
1990,10,1990-10-01,1.02828246124031,NA,NA
1990,11,1990-11-01,1.17359344718992,NA,NA
1990,12,1990-12-01,3.34966236676357,NA,NA
1991,1,1991-01-01,0.0824068509615383,NA,NA
1991,2,1991-02-01,2.74646183894231,NA,NA
1991,3,1991-03-01,1.87035757211538,NA,NA
1991,4,1991-04-01,1.54278846153846,NA,NA
1991,5,1991-05-01,2.56441556490385,NA,NA
1991,6,1991-06-01,1.58565204326923,NA,NA
1991,7,1991-07-01,0.784112079326924,NA,NA
1991,8,1991-08-01,1.33384164663461,NA,NA
1991,9,1991-09-01,-0.713201005329458,NA,NA
1991,10,1991-10-01,0.449180898740311,NA,NA
1991,11,1991-11-01,0.633554384689922,NA,NA
1991,12,1991-12-01,-0.970650133236434,NA,NA
1992,1,1992-01-01,-0.0377103365384617,NA,NA
1992,2,1992-02-01,0.325563401442308,NA,NA
1992,3,1992-03-01,-1.83960336538462,NA,NA
1992,4,1992-04-01,-1.46697716346154,NA,NA
1992,5,1992-05-01,0.274376502403847,NA,NA
1992,6,1992-06-01,0.685261418269231,NA,NA
1992,7,1992-07-01,-1.71588792067308,NA,NA
1992,8,1992-08-01,-0.336080228365386,NA,NA
1992,9,1992-09-01,-0.213201005329458,NA,NA
1992,10,1992-10-01,-1.63089722625969,NA,NA
1992,11,1992-11-01,-1.56664092781008,NA,NA
1992,12,1992-12-01,0.989310804263566,NA,NA
1993,1,1993-01-01,0.0326021634615383,NA,NA
1993,2,1993-02-01,-4.13439753605769,NA,NA
1993,3,1993-03-01,-0.589603365384615,NA,NA
1993,4,1993-04-01,0.292788461538461,NA,NA
1993,5,1993-05-01,0.824181189903847,NA,NA
1993,6,1993-06-01,0.535847355769231,NA,NA
1993,7,1993-07-01,0.684502704326924,NA,NA
1993,8,1993-08-01,1.08384164663461,NA,NA
1993,9,1993-09-01,-0.243474442829458,NA,NA
1993,10,1993-10-01,-2.30081910125969,NA,NA
1993,11,1993-11-01,0.233163759689922,NA,NA
1993,12,1993-12-01,1.07915455426357,NA,NA
1994,1,1994-01-01,-3.91759314903846,NA,NA
1994,2,1994-02-01,-1.75353816105769,NA,NA
1994,3,1994-03-01,-0.00952524038461539,NA,NA
1994,4,1994-04-01,0.422671274038461,NA,NA
1994,5,1994-05-01,-0.415076622596153,NA,NA
1994,6,1994-06-01,1.49580829326923,NA,NA
1994,7,1994-07-01,2.39446364182692,NA,NA
1994,8,1994-08-01,0.423685396634614,NA,NA
1994,9,1994-09-01,-0.703435380329458,NA,NA
1994,10,1994-10-01,0.168907461240311,NA,NA
1994,11,1994-11-01,2.22339813468992,NA,NA
1994,12,1994-12-01,2.00981861676357,NA,NA
1995,1,1995-01-01,2.79236778846154,NA,NA
1995,2,1995-02-01,-0.924436598557692,NA,NA
1995,3,1995-03-01,0.520748197115385,NA,NA
1995,4,1995-04-01,-0.966977163461539,NA,NA
1995,5,1995-05-01,-0.195350060096153,NA,NA
1995,6,1995-06-01,1.93526141826923,NA,NA
1995,7,1995-07-01,1.54485426682692,NA,NA
1995,8,1995-08-01,1.17368539663461,NA,NA
1995,9,1995-09-01,-1.26300569282946,NA,NA
1995,10,1995-10-01,2.54879027374031,NA,NA
1995,11,1995-11-01,-1.30687530281008,NA,NA
1995,12,1995-12-01,-1.60053294573643,NA,NA
1996,1,1996-01-01,-0.287710336538462,NA,NA
1996,2,1996-02-01,0.756227463942308,NA,NA
1996,3,1996-03-01,-0.399173677884615,NA,NA
1996,4,1996-04-01,0.212710336538461,NA,NA
1996,5,1996-05-01,-0.415076622596153,NA,NA
1996,6,1996-06-01,0.565144230769231,NA,NA
1996,7,1996-07-01,-1.26569260817308,NA,NA
1996,8,1996-08-01,0.643411959134614,NA,NA
1996,9,1996-09-01,-0.613591630329458,NA,NA
1996,10,1996-10-01,-1.29105347625969,NA,NA
1996,11,1996-11-01,-1.71703155281008,NA,NA
1996,12,1996-12-01,3.77934986676357,NA,NA
1997,1,1997-01-01,-0.207632211538462,NA,NA
1997,2,1997-02-01,2.51599308894231,NA,NA
1997,3,1997-03-01,-1.49975961538462,NA,NA
1997,4,1997-04-01,-0.527524038461539,NA,NA
1997,5,1997-05-01,-1.37503756009615,NA,NA
1997,6,1997-06-01,1.15498798076923,NA,NA
1997,7,1997-07-01,1.08489332932692,NA,NA
1997,8,1997-08-01,0.473490084134614,NA,NA
1997,9,1997-09-01,-0.563786942829458,NA,NA
1997,10,1997-10-01,-1.11136597625969,NA,NA
1997,11,1997-11-01,-1.50707061531008,NA,NA
1997,12,1997-12-01,1.10942799176357,NA,NA
1998,1,1998-01-01,2.03260216346154,NA,NA
1998,2,1998-02-01,4.36560246394231,1998-02-01,-3.01992663723579
1998,3,1998-03-01,2.02074819711538,1998-03-01,0.786940968888673
1998,4,1998-04-01,1.81329627403846,1998-04-01,0.739772325867097
1998,5,1998-05-01,3.08492337740385,1998-05-01,1.84849983035586
1998,6,1998-06-01,-0.944621394230769,1998-06-01,-1.72738407484038
1998,7,1998-07-01,0.974541766826924,1998-07-01,0.137270747147824
1998,8,1998-08-01,1.49302133413461,1998-08-01,1.9018507506201
1998,9,1998-09-01,0.566095869670542,1998-09-01,-0.293626615311931
1998,10,1998-10-01,-0.0810925387596892,1998-10-01,-0.927995528146125
1998,11,1998-11-01,-0.0666409278100777,1998-11-01,-0.836638777756758
1998,12,1998-12-01,3.17974049176357,1998-12-01,1.13191153757817
1999,1,1999-01-01,1.71228966346154,1999-01-01,-0.0140023995998648
1999,2,1999-02-01,3.14587590144231,1999-02-01,1.71417330224268
1999,3,1999-03-01,1.61059194711538,1999-03-01,0.899244790621031
1999,4,1999-04-01,1.66290564903846,1999-04-01,0.172797966892738
1999,5,1999-05-01,2.34468900240385,1999-05-01,1.58698048566523
1999,6,1999-06-01,2.89522235576923,1999-06-01,2.05357599860572
1999,7,1999-07-01,1.79485426682692,1999-07-01,0.826528942263401
1999,8,1999-08-01,0.873880709134614,1999-08-01,-0.41685719016052
1999,9,1999-09-01,3.26629118217054,1999-09-01,1.69237307842499
1999,10,1999-10-01,-1.63089722625969,1999-10-01,-1.42051762781767
1999,11,1999-11-01,2.05347625968992,1999-11-01,1.53476379170985
1999,12,1999-12-01,2.79888111676357,1999-12-01,0.595670238615041
2000,1,2000-01-01,0.422250600961538,2000-01-01,-0.662566965174861
2000,2,2000-02-01,2.13611027644231,2000-02-01,0.922182840812074
2000,3,2000-03-01,3.31078725961538,2000-03-01,2.50109987227634
2000,4,2000-04-01,0.202944711538461,2000-04-01,0.655296801391573
2000,5,2000-05-01,-0.715857872596153,2000-05-01,-1.48371517847992
2000,6,2000-06-01,0.885456730769231,2000-06-01,-0.0891207203427182
2000,7,2000-07-01,-0.895575420673076,2000-07-01,-1.89699256311294
2000,8,2000-08-01,-0.00697866586538609,2000-08-01,-1.19878257981884
2000,9,2000-09-01,-0.463201005329458,2000-09-01,-1.66303279882189
2000,10,2000-10-01,-0.460975351259689,2000-10-01,-0.820880908547709
2000,11,2000-11-01,0.473398134689922,2000-11-01,-0.552658852453303
2000,12,2000-12-01,-0.880806383236434,2000-12-01,-2.91382772807044
2001,1,2001-01-01,-0.267202524038462,2001-01-01,-0.516497919313126
2001,2,2001-02-01,0.456422776442308,2001-02-01,-0.766384482669042
2001,3,2001-03-01,-0.989993990384615,2001-03-01,-1.355301382687
2001,4,2001-04-01,-0.0275240384615385,2001-04-01,-0.660418374797141
2001,5,2001-05-01,1.74507962740385,2001-05-01,0.957279445175997
2001,6,2001-06-01,2.40498798076923,2001-06-01,2.16548052926205
2001,7,2001-07-01,-0.335028545673076,2001-07-01,-1.52199256311294
2001,8,2001-08-01,1.76352914663461,2001-08-01,0.83334469409251
2001,9,2001-09-01,1.61687711967054,2001-09-01,-0.0534116923597825
2001,10,2001-10-01,1.30855589874031,2001-10-01,0.869708890946582
2001,11,2001-11-01,1.99292938468992,2001-11-01,1.54331336976892
2001,12,2001-12-01,3.83892017926357,2001-12-01,2.77609162676827
2002,1,2002-01-01,3.33240685096154,2002-01-01,2.73955046778365
2002,2,2002-02-01,2.69568058894231,2002-02-01,1.57721670780715
2002,3,2002-03-01,0.970943509615385,2002-03-01,0.17252119795816
2002,4,2002-04-01,1.02325721153846,2002-04-01,-0.818849691892612
2002,5,2002-05-01,-0.575232872596153,2002-05-01,-1.23148312619461
2002,6,2002-06-01,-0.314738581730769,2002-06-01,-1.13751681518233
2002,7,2002-07-01,0.664971454326924,2002-07-01,-0.491078584618318
2002,8,2002-08-01,2.09360727163461,2002-08-01,0.886163656740305
2002,9,2002-09-01,1.92644743217054,2002-09-01,0.665338307640219
2002,10,2002-10-01,-1.75101441375969,2002-10-01,-2.12332396126917
2002,11,2002-11-01,-0.976797177810078,2002-11-01,-1.44565862000328
2002,12,2002-12-01,0.369193616763566,2002-12-01,-0.935601921618826
2003,1,2003-01-01,-3.25743689903846,2003-01-01,-3.42700791017116
2003,2,2003-02-01,-1.61388972355769,2003-02-01,-3.15373567314523
2003,3,2003-03-01,-0.769290865384615,2003-03-01,-1.42828525365474
2003,4,2003-04-01,-1.32732872596154,2003-04-01,-2.18519183375631
2003,5,2003-05-01,-0.455115685096153,2003-05-01,-1.7592355343808
2003,6,2003-06-01,0.885456730769231,2003-06-01,-1.94913815409446
2003,7,2003-07-01,0.274346454326924,2003-07-01,-2.94484202547853
2003,8,2003-08-01,1.42368539663461,2003-08-01,-1.13875410403412
2003,9,2003-09-01,1.99675993217054,2003-09-01,0.382596422496647
2003,10,2003-10-01,-0.111365976259689,2003-10-01,-0.479427341925906
2003,11,2003-11-01,0.793710634689922,2003-11-01,0.262341147546697
2003,12,2003-12-01,2.55962330426357,2003-12-01,0.666817433219883
2004,1,2004-01-01,-4.79747596153846,2004-01-01,-6.55800765485512
2004,2,2004-02-01,1.37634465144231,2004-02-01,-0.292116753994839
2004,3,2004-03-01,0.110591947115385,2004-03-01,-0.669548694514958
2004,4,2004-04-01,0.542788461538461,2004-04-01,-0.541380985355755
2004,5,2004-05-01,0.844689002403847,2004-05-01,-0.688285070953034
2004,6,2004-06-01,-0.885051081730769,2004-06-01,-1.45080482076113
2004,7,2004-07-01,-0.925848858173076,2004-07-01,-1.89255707924197
2004,8,2004-08-01,0.573099459134614,2004-08-01,-0.701336343259698
2004,9,2004-09-01,0.346369307170542,2004-09-01,-0.972995025693116
2004,10,2004-10-01,0.289024648740311,2004-10-01,-0.352893853742286
2004,11,2004-11-01,-0.206289365310078,2004-11-01,-0.971878982625316
2004,12,2004-12-01,0.338920179263566,2004-12-01,-1.05448769063193
2005,1,2005-01-01,-1.92735877403846,2005-01-01,-2.92698179028087
2005,2,2005-02-01,1.29626652644231,2005-02-01,0.524389326854767
2005,3,2005-03-01,-0.339603365384615,2005-03-01,-1.08755944720313
2005,4,2005-04-01,1.38263221153846,2005-04-01,0.603820683628946
2005,5,2005-05-01,-2.55570162259615,2005-05-01,-2.905220554824
2005,6,2005-06-01,1.13545673076923,2005-06-01,0.451481026538683
2005,7,2005-07-01,0.384698016826924,2005-07-01,-0.361791715136722
2005,8,2005-08-01,1.58384164663461,2005-08-01,0.385357205127402
2005,9,2005-09-01,2.27703336967054,2005-09-01,0.844643863195774
2005,10,2005-10-01,0.548790273740311,2005-10-01,0.128692167763091
2005,11,2005-11-01,1.73316375968992,2005-11-01,0.949424480880031
2005,12,2005-12-01,0.878959241763566,2005-12-01,-1.03627396462958
2006,1,2006-01-01,4.90271935096154,2006-01-01,3.88001182804241
2006,2,2006-02-01,1.19568058894231,2006-02-01,-0.320195783308701
2006,3,2006-03-01,1.39086538461538,2006-03-01,0.382198617312999
2006,4,2006-04-01,1.90314002403846,2006-04-01,0.862791476396679
2006,5,2006-05-01,1.34468900240385,2006-05-01,0.572876284669272
2006,6,2006-06-01,1.17549579326923,2006-06-01,0.428468623992817
2006,7,2006-07-01,2.00481520432692,2006-07-01,1.24297280548146
2006,8,2006-08-01,-0.246236478365386,2006-08-01,-1.57597767781526
2006,9,2006-09-01,0.636408369670542,2006-09-01,-0.840911692359782
2006,10,2006-10-01,-0.0615612887596892,2006-10-01,-0.517616610924119
2006,11,2006-11-01,2.76343719718992,2006-11-01,2.57753417956176
2006,12,2006-12-01,4.15923267926357,2006-12-01,2.15650469352756
2007,1,2007-01-01,1.55213341346154,2007-01-01,0.41172643993954
2007,2,2007-02-01,-1.99377253605769,2007-02-01,-3.34689043504999
2007,3,2007-03-01,0.000240384615384615,2007-03-01,-0.498403851608404
2007,4,2007-04-01,-0.497250600961539,2007-04-01,-1.40516841966188
2007,5,2007-05-01,0.634728064903847,2007-05-01,0.560639660229761
2007,6,2007-06-01,0.805378605769231,2007-06-01,0.615655253519279
2007,7,2007-07-01,-0.0449894831730759,2007-07-01,-0.0468581545107902
2007,8,2007-08-01,0.503763521634614,2007-08-01,0.251514276865052
2007,9,2007-09-01,1.54656461967054,2007-09-01,0.48256052986244
2007,10,2007-10-01,2.37886839874031,2007-10-01,1.91552012475234
2007,11,2007-11-01,-0.757070615310078,2007-11-01,-0.78040924368961
2007,12,2007-12-01,-0.780220445736434,2007-12-01,-2.39517071687887
2008,1,2008-01-01,2.53260216346154,2008-01-01,1.50527627423526
2008,2,2008-02-01,2.05603215144231,2008-02-01,0.432096633915523
2008,3,2008-03-01,-0.909915865384615,2008-03-01,-1.35101166073335
2008,4,2008-04-01,1.62286658653846,2008-04-01,0.655381300226072
2008,5,2008-05-01,0.344689002403847,2008-05-01,-0.694871092458412
2008,6,2008-06-01,1.01533954326923,2008-06-01,0.120947732627915
2008,7,2008-07-01,1.58489332932692,2008-07-01,0.560831175291376
2008,8,2008-08-01,-0.716939603365386,2008-08-01,-2.25589600899135
2008,9,2008-09-01,-0.0833181928294575,2008-09-01,-1.07757835902645
2008,10,2008-10-01,-0.510780038759689,2008-10-01,-1.0956937051279
2008,11,2008-11-01,0.492929384689922,2008-11-01,-0.153140568346411
2008,12,2008-12-01,1.59966236676357,2008-12-01,-0.892814276326936
2009,1,2009-01-01,-2.28771033653846,2009-01-01,-3.47093340318409
2009,2,2009-02-01,1.55603215144231,2009-02-01,0.170073850664291
2009,3,2009-03-01,0.200435697115385,2009-03-01,-1.04849802743642
2009,4,2009-04-01,1.48321814903846,2009-04-01,0.833871318796174
2009,5,2009-05-01,1.26461087740385,2009-05-01,-0.14446786665196
2009,6,2009-06-01,-0.874308894230769,2009-06-01,-1.4849714874278
2009,7,2009-07-01,-1.77545823317308,2009-07-01,-2.48005707924197
2009,8,2009-08-01,1.48325570913461,2009-08-01,0.267212043837077
2009,9,2009-09-01,-0.913396317829458,2009-09-01,-0.84947702076267
2009,10,2009-10-01,-1.85160035125969,2009-10-01,-2.56404976772078
2009,11,2009-11-01,3.24292938468992,2009-11-01,2.23317448088003
2009,12,2009-12-01,1.08892017926357,2009-12-01,-1.2674522378318
2010,1,2010-01-01,2.55213341346154,2010-01-01,0.868254030787454
2010,2,2010-02-01,3.31579777644231,2010-02-01,1.50623456495001
2010,3,2010-03-01,4.40063100961538,2010-03-01,3.12972535431353
2010,4,2010-04-01,3.41290564903846,2010-04-01,2.54732574467052
2010,5,2010-05-01,2.80464993990385,2010-05-01,1.85916116560611
2010,6,2010-06-01,1.04561298076923,2010-06-01,0.426100935970531
2010,7,2010-07-01,1.83489332932692,2010-07-01,1.56271542831964
2010,8,2010-08-01,1.52329477163461,2010-08-01,1.96913528887598
2010,9,2010-09-01,1.46648649467054,2010-09-01,0.557161116473896
2010,10,2010-10-01,0.508751211240311,2010-10-01,-0.613613075438693
2010,11,2010-11-01,0.723398134689922,2010-11-01,0.163452258657808
2010,12,2010-12-01,0.769584241763566,2010-12-01,-0.783199209568
2011,1,2011-01-01,0.602914663461538,2011-01-01,-0.625503295657213
2011,2,2011-02-01,0.556032151442308,2011-02-01,-0.56385472076428
2011,3,2011-03-01,0.630123197115385,2011-03-01,-0.161930096561298
2011,4,2011-04-01,1.08282752403846,2011-04-01,0.125797966892738
2011,5,2011-05-01,0.154259314903847,2011-05-01,-0.547540089115381
2011,6,2011-06-01,-0.504191706730769,2011-06-01,-0.972054820761128
2011,7,2011-07-01,1.83489332932692,2011-07-01,1.14736227559673
2011,8,2011-08-01,0.503763521634614,2011-08-01,-0.875798708851093
2011,9,2011-09-01,1.80633024467054,2011-09-01,0.385893863195772
2011,10,2011-10-01,1.14839964874031,2011-10-01,0.577079264537284
2011,11,2011-11-01,2.90308563468992,2011-11-01,2.73803559199114
2011,12,2011-12-01,3.48931080426357,2011-12-01,2.1072744224672
2012,1,2012-01-01,2.59217247596154,2012-01-01,1.47834824343887
2012,2,2012-02-01,3.00622746394231,2012-02-01,1.99402192127184
2012,3,2012-03-01,3.94067007211538,2012-03-01,3.23537811339833
2012,4,2012-04-01,1.99298377403846,2012-04-01,0.952742411337183
2012,5,2012-05-01,1.88472806490385,2012-05-01,0.8078170795846
2012,6,2012-06-01,-0.254191706730769,2012-06-01,-0.811082598538906
2012,7,2012-07-01,1.87493239182692,2012-07-01,0.817120340112865
2012,8,2012-08-01,2.26352914663461,2012-08-01,0.884685162116646
2012,9,2012-09-01,0.466486494670542,2012-09-01,-0.623276473691879
2012,10,2012-10-01,1.60836058624031,2012-10-01,1.10045944990839
2012,11,2012-11-01,0.0534762596899223,2012-11-01,-1.09529774134219
2012,12,2012-12-01,2.57915455426357,2012-12-01,0.83603786332741
2013,1,2013-01-01,1.29236778846154,2013-01-01,0.210898394050929
2013,2,2013-02-01,2.24646183894231,2013-02-01,0.336863000732115
2013,3,2013-03-01,1.23070913461538,2013-03-01,0.276734243777125
2013,4,2013-04-01,0.693179086538461,2013-04-01,-0.477270742485163
2013,5,2013-05-01,0.455040564903847,2013-05-01,-0.332196885885233
2013,6,2013-06-01,1.01533954326923,2013-06-01,0.461168985451202
2013,7,2013-07-01,2.12493239182692,2013-07-01,1.06998326142866
2013,8,2013-08-01,0.483255709134614,2013-08-01,-0.638660689487573
2013,9,2013-09-01,0.546564619670542,2013-09-01,-1.04355058124867
2013,10,2013-10-01,1.27828246124031,2013-10-01,0.406306170860097
2013,11,2013-11-01,-0.0168362403100777,2013-11-01,-1.25969679094813
2013,12,2013-12-01,-1.07025950823643,2013-12-01,-2.82619331946829
2014,1,2014-01-01,0.723031850961538,2014-01-01,-1.00499934752136
2014,2,2014-02-01,0.456422776442308,2014-02-01,-0.598527339811899
2014,3,2014-03-01,-2.58960336538462,2014-03-01,-2.58319523788027
2014,4,2014-04-01,0.252749399038461,2014-04-01,0.030103522448294
2014,5,2014-05-01,0.114220252403847,2014-05-01,0.314268692487826
2014,6,2014-06-01,1.13545673076923,2014-06-01,1.74488962368332
2014,7,2014-07-01,1.37493239182692,2014-07-01,0.105730672043673
2014,8,2014-08-01,0.763529146634614,2014-08-01,-1.10120193465755
2014,9,2014-09-01,0.676447432170542,2014-09-01,-0.675356136804227
2014,10,2014-10-01,2.22847777374031,2014-10-01,1.25715769077443
2014,11,2014-11-01,-1.23656280281008,2014-11-01,-0.953220235514686
2014,12,2014-12-01,3.43950611676357,2014-12-01,1.43697872354246
2015,1,2015-01-01,-1.47716346153846,2015-01-01,-1.74741189780775
2015,2,2015-02-01,-6.76428034855769,2015-02-01,-7.26221781600238
2015,3,2015-03-01,-3.29956430288462,2015-03-01,-2.96960169817637
2015,4,2015-04-01,-0.306820913461539,2015-04-01,-0.953646477551707
2015,5,2015-05-01,2.47457181490385,2015-05-01,1.20867859887278
2015,6,2015-06-01,-1.07450420673077,2015-06-01,-1.58653616058496
2015,7,2015-07-01,-0.0850285456730759,2015-07-01,-0.6737398749409
2015,8,2015-08-01,2.20298227163461,2015-08-01,0.754980861041378
2015,9,2015-09-01,3.39617399467054,2015-09-01,2.08089386319577
2015,10,2015-10-01,-0.821326913759689,2015-10-01,-1.87494938027574
2015,11,2015-11-01,1.54371063468992,2015-11-01,-0.544047741342192
2015,12,2015-12-01,5.54888111676357,2015-12-01,3.27435784979256
2016,1,2016-01-01,2.85291466346154,2016-01-01,1.36321076465134
2016,2,2016-02-01,3.26599308894231,2016-02-01,1.94028628908794
2016,3,2016-03-01,2.00024038461538,2016-03-01,0.542915125511381
2016,4,2016-04-01,-0.0968599759615385,2016-04-01,-0.76934092199615
2016,5,2016-05-01,1.08492337740385,2016-05-01,0.0340267570039536
2016,6,2016-06-01,0.265339543269231,2016-06-01,-0.435527042983351
2016,7,2016-07-01,1.56438551682692,2016-07-01,0.40892141538168
2016,8,2016-08-01,2.35337289663461,2016-08-01,0.84772279652525
2016,9,2016-09-01,2.02703336967054,2016-09-01,0.44117164097355
2016,10,2016-10-01,0.869102773740311,2016-10-01,0.163920299120255
2016,11,2016-11-01,1.82300750968992,2016-11-01,0.930073597569942
2016,12,2016-12-01,0.279349866763566,2016-12-01,-0.958182566780116
2017,1,2017-01-01,4.26209435096154,2017-01-01,2.93847519896644
2017,2,2017-02-01,2.17614933894231,2017-02-01,1.55831789828334
2017,3,2017-03-01,-2.09936899038462,2017-03-01,-2.97483633980685
2017,4,2017-04-01,2.09259314903846,2017-04-01,1.13357574467052
2017,5,2017-05-01,0.0243765024038467,2017-05-01,-0.871215178479916
2017,6,2017-06-01,0.975300480769231,2017-06-01,0.362837970152178
2017,7,2017-07-01,0.154229266826924,2017-07-01,-0.777234498596812
2017,8,2017-08-01,0.543802584134614,2017-08-01,-0.690180429281202
2017,9,2017-09-01,3.23699430717054,2017-09-01,1.08244300849492
2017,10,2017-10-01,4.00875121124031,2017-10-01,3.40616573783628
2017,11,2017-11-01,-0.0568753028100777,2017-11-01,-0.729794148389016
2017,12,2017-12-01,-2.24018138323643,2017-12-01,-3.96624708290915
2018,1,2018-01-01,0.442758413461538,2018-01-01,-0.658836628990546
2018,2,2018-02-01,3.72595402644231,2018-02-01,3.01694885066429
2018,3,2018-03-01,0.850826322115385,2018-03-01,-0.36516024460975
2018,4,2018-04-01,-0.396664663461539,2018-04-01,-1.49864647755171
2018,5,2018-05-01,2.10445462740385,2018-05-01,1.09569342367062
2018,6,2018-06-01,0.0651442307692314,2018-06-01,-0.482332598538907
2018,7,2018-07-01,1.77434645432692,2018-07-01,1.06042740678532
2018,8,2018-08-01,2.83384164663461,2018-08-01,1.42756150620267
2018,9,2018-09-01,1.34636930717054,2018-09-01,0.257421640973551
2018,10,2018-10-01,-1.36136597625969,2018-10-01,-2.3375597523598
2018,11,2018-11-01,-2.16625030281008,2018-11-01,-2.5276588524533
2018,12,2018-12-01,0.259818616763566,2018-12-01,-1.57753740548979
2019,1,2019-01-01,0.652719350961538,2019-01-01,-0.643320666386167
2019,2,2019-02-01,0.315797776442308,2019-02-01,-1.00983686362142
2019,3,2019-03-01,-1.04956430288462,2019-03-01,-1.14429887179683
2019,4,2019-04-01,0.443179086538461,2019-04-01,-0.713785366440595
2019,5,2019-05-01,-0.995154747596153,2019-05-01,-2.42950927903208
2019,6,2019-06-01,0.105183293269231,2019-06-01,-0.604971487427795
2019,7,2019-07-01,1.90422926682692,2019-07-01,1.31792679172577
2019,8,2019-08-01,0.943216646634614,2019-08-01,-0.373782579818837
2019,9,2019-09-01,0.386408369670542,2019-09-01,-1.17549992304463
2019,10,2019-10-01,0.758751211240311,2019-10-01,0.0837996946448119
2019,11,2019-11-01,-1.74632842781008,2019-11-01,-3.14471026722211
2019,12,2019-12-01,1.28911549176357,2019-12-01,-0.445682566780117
2020,1,2020-01-01,3.23279747596154,2020-01-01,1.92059885488042
2020,2,2020-02-01,2.47595402644231,2020-02-01,1.59662056783601
2020,3,2020-03-01,2.26000600961538,2020-03-01,1.17674359502084
2020,4,2020-04-01,-0.287289663461539,2020-04-01,-1.55744708393658
2020,5,2020-05-01,0.484337439903847,2020-05-01,-0.484118404286368
2020,6,2020-06-01,1.50557391826923,2020-06-01,0.989889623683315
2020,7,2020-07-01,1.66497145432692,2020-07-01,0.340507436887059
2020,8,2020-08-01,1.69321664663461,2020-08-01,0.338448602976865
2020,9,2020-09-01,0.926447432170542,2020-09-01,-0.447717247915337
2020,10,2020-10-01,0.0888293362403108,2020-10-01,-0.483001380624005
2020,11,2020-11-01,2.17359344718992,2020-11-01,1.97039670310225
2020,12,2020-12-01,3.69927174176357,2020-12-01,1.56910237945644
2021,1,2021-01-01,3.70252403846154,2021-01-01,1.49519562907397
2021,2,2021-02-01,1.46618840144231,2021-02-01,0.278853612569053
2021,3,2021-03-01,1.42016225961538,2021-03-01,0.866059441009489
2021,4,2021-04-01,2.62286658653846,2021-04-01,1.25579796689274
2021,5,2021-05-01,1.68453275240385,2021-05-01,0.256204176358793
2021,6,2021-06-01,3.41573016826923,2021-06-01,3.15447295701665
2021,7,2021-07-01,-0.544989483173076,2021-07-01,-1.67024525128499
2021,8,2021-08-01,2.45298227163461,2021-08-01,0.734147527708046
2021,9,2021-09-01,2.29656461967054,2021-09-01,0.381037394610196
2021,10,2021-10-01,2.93843871124031,2021-10-01,1.48206007377229
2021,11,2021-11-01,1.12378875968992,2021-11-01,0.058452258657808
2021,12,2021-12-01,2.54888111676357,2021-12-01,0.734559368703754
2022,1,2022-01-01,-1.02696814903846,2022-01-01,-1.43383662899055
2022,2,2022-02-01,2.26599308894231,2022-02-01,0.611591707807148
2022,3,2022-03-01,1.58031850961538,2022-03-01,1.10509547544409
2022,4,2022-04-01,1.62286658653846,2022-04-01,0.414561407752953
2022,5,2022-05-01,2.01461087740385,2022-05-01,0.921929982810406
2022,6,2022-06-01,0.305378605769231,2022-06-01,-0.255943709650017
2022,7,2022-07-01,2.12493239182692,2022-07-01,1.56026550140319
2022,8,2022-08-01,2.59360727163461,2022-08-01,0.96304537717041
2022,9,2022-09-01,1.05633024467054,2022-09-01,-0.619106136804227
2022,10,2022-10-01,2.03902464874031,2022-10-01,1.86982120002116
2022,11,2022-11-01,2.36304657218992,2022-11-01,1.71581336976892
2022,12,2022-12-01,4.01958424176357,2022-12-01,1.76700911157425
2023,1,2023-01-01,5.68299278846154,2023-01-01,4.00061157395279
2023,2,2023-02-01,1.72595402644231,2023-02-01,0.317586860359187
2023,3,2023-03-01,1.96020132211538,2023-03-01,0.984234102631165
2023,4,2023-04-01,1.48321814903846,2023-04-01,0.691075744670516
2023,5,2023-05-01,0.934532752403847,2023-05-01,0.476231058079224
2023,6,2023-06-01,-0.374308894230769,2023-06-01,-1.4273355041642
2023,7,2023-07-01,2.36419020432692,2023-07-01,1.10798055516663
2023,8,2023-08-01,0.353372896634614,2023-08-01,-1.201605160464
2023,9,2023-09-01,3.00652555717054,2023-09-01,1.08200497430688
2023,10,2023-10-01,3.62886839874031,2023-10-01,2.3508321289829
2023,11,2023-11-01,-0.986562802810078,2023-11-01,-1.68196440800886
2023,12,2023-12-01,4.41899830426357,2023-12-01,2.00035543841084
